reactive_energy_cost,imbalance_cost,harmonic_cost,neutral_current_cost,baseline_active_energy_cost
36525,29610.9000000011,3.1392576,6339.2868,194775
13200,37663.9999999992,3.2106564,4824.03,198900
6750,51384.9999999991,3.24324,4151.52,204150
8175,55770.9999999991,3.2418144,3033.72,206025
17550,53640.0000000004,3.2031594,2523,212325
18600,53136.0000000004,3.2035122,903.0675,215625
17925,59823.0000000006,3.2010426,706.8675,214575
15525,65834.9999999997,3.1991904,3.63,210900
14700,73835.9999999994,3.23433,4252.5675,210375
15525,55430.000000001,3.2035122,3336.6675,215250
14700,49896.0000000002,3.232548,75,214275
13800,49632.0000000013,3.2336172,999.1875,212100
12525,44760.0000000007,3.2371812,0.48,212325
13200,52874.9999999999,3.2364684,3062.4075,213225
13350,59894.9999999997,3.2335281,3898.8075,210600
14325,47250.0000000003,3.2354883,4218.75,217725
21225,44910.0000000003,3.2193612,1532.28,269625
20325,45636.9999999999,3.2205195,109.8075,269775
19500,45072.9999999999,3.2171337,138.72,269175
19275,47519.999999999,3.2207868,657.12,268725
19725,52675.9999999996,3.2206086,538.68,270375
18375,53663.9999999996,3.2232816,1452,268425
15675,50524.9999999999,3.2214996,73.5075,265800
18600,53472.0000000004,3.2210541,119.07,270675
20475,52639.9999999999,3.2238162,2488.32,272550
19125,48795.9999999997,3.229875,1621.6875,268800
20550,49590.0000000003,3.2291622,495.3675,269475
19350,47123.9999999998,3.2290731,2035.8075,267975
19125,44204.0000000007,3.2304987,1635.6675,263775
19500,48738.9999999999,3.2268456,836.67,262350
21600,45803.9999999998,3.2226579,961.23,266325
20925,42003,3.2253309,472.5075,265275
17850,44462.0000000007,3.2291622,5676.75,263325
16725,43095.0000000001,3.2296077,4007.7075,262200
14025,42902.0000000011,3.2294295,6210.75,257400
13275,45755.9999999996,3.2262219,1943.1075,258450
14250,47651.9999999998,3.2232816,2385.72,259125
15375,44853.9999999996,3.2228361,122.88,261450
12450,48465.0000000003,3.2232816,1830.27,251700
15075,47730.0000000008,3.2215887,1837.6875,258600
15975,47166.0000000002,3.2228361,5508.3675,253725
17175,47070.0000000003,3.222747,913.5075,260850
18225,46287.9999999998,3.2215887,4812.0075,262125
18675,46727.9999999998,3.2181138,5611.6875,263850
18525,48285.0000000003,3.2141934,67.6875,264300
22575,46482.9999999992,3.2077782,410.67,269475
21150,45863.9999999987,3.2114313,3812.7675,266325
21225,45509.9999999996,3.2154408,2929.6875,267000
18900,41513.9999999989,3.2134806,4029.6675,264075
17100,41181.0000000005,3.2113422,2277.0075,257175
16800,41267.9999999995,3.2110749,5292,253425
14325,43870.0000000012,3.2118768,5702.88,246375
13350,43120.0000000006,3.2099166,5067.63,242400
11325,45738.0000000002,3.2078673,5547,238275
10200,43932.0000000002,3.2121441,60.75,239250
10275,46595.9999999997,3.2110749,1837.6875,241050
11325,43279.999999999,3.2069763,739.47,239325
12675,46375.9999999998,3.1998483,3550.08,240600
13200,48135.9999999998,3.2020758,3909.63,241950
13350,49095.0000000003,3.2024322,353.1675,239625
13575,53423.9999999988,3.1993137,180.1875,238800
12900,59784.0000000002,3.1992246,6265.47,235650
13350,60371.9999999991,3.2087583,3.3075,235425
14850,36856.0000000004,3.2176683,1419.1875,242325
15375,44160.0000000006,3.2174901,104.43,242025
15150,46746.0000000002,3.2166882,716.1075,245625
13650,44894.9999999996,3.2132133,522.72,245850
15150,45570.0000000002,3.2100057,2976.75,250350
17700,42800.0000000006,3.2048379,17.28,259050
19500,42479.9999999991,3.2044815,1756.92,269250
20700,40833.0000000001,3.2051943,4286.52,268500
20625,42188.9999999996,3.2035905,3770.1075,267750
20925,44505.0000000007,3.2054616,297.0075,271050
22350,43257.9999999992,3.2024322,2948.4675,280500
20550,45990.0000000003,3.2019867,109.8075,279600
28050,46597.9999999994,3.203145,5702.88,286800
26925,49455.0000000003,3.2006502,2114.7075,291825
26700,51934.9999999999,3.2011848,6034.5675,291000
22725,49449.9999999993,3.2051052,106.2075,286725
21750,49679.9999999993,3.2039469,2523,286425
21300,49905.0000000003,3.2005611,1756.92,284550
21075,51793.9999999998,3.2007393,22.6875,282150
19275,60300,3.2059962,955.8675,278700
18150,53015.9999999999,3.204927,3227.52,271350
20325,46341.9999999998,3.2057289,6048.03,283350
19950,53350,3.2053725,1677.9675,282975
20325,132411.000000001,3.1962843,291.0675,282450
21900,196578.000000001,3.1898691,1786.08,283425
23625,166026.000000001,3.1935222,2051.4675,284850
25350,61768.0000000002,3.2035905,265.08,285975
26850,107255.999999999,3.1666446,3227.52,281925
27300,50094.0000000009,3.2041251,5808,283500
26625,72807.9999999991,3.2064417,3091.23,275700
27000,66096.0000000006,3.2041251,507,276750
26850,43848.0000000002,3.1994028,1399.68,271875
23550,53062.9999999999,3.2014521,4218.75,260025
31050,52279.9199999993,3.1617936,3447.63,264375
26850,51699.9999999999,3.16638,3931.32,264525
26850,47835.0000000003,3.166821,706.8675,263550
22950,45364.9999999992,3.2018085,2967.3075,259350
22125,44226.0000000002,3.2051052,5940.75,259050
20325,45794.9999999992,3.204036,550.8075,256500
20850,69027.0000000009,3.2025213,4896.48,256650
23775,192059.999999999,3.1564134,1478.52,260775
22500,204687,3.1555314,2252.28,260700
25650,60575.9999999987,3.2070402,2260.5075,262500
26400,51743.9999999997,3.2174478,2293.5675,261375
29925,84160.0000000001,3.2121558,797.07,263400
31650,122408.000000001,3.2064228,503.1075,264675
30000,68094.0000000008,3.2167422,4185.0675,263025
31050,49772.9999999999,3.221505,3198.0675,265125
31350,49391.9999999995,3.2182416,6156.27,266100
31125,53081.9999999992,3.2213286,209.1675,271275
29475,69149.9999999999,3.2221224,300,272550
29325,47939.9999999999,3.2140962,168.75,277575
28200,48336.0000000004,3.2193,3770.1075,273975
24075,52050,3.2553576,5663.7075,263850
24000,68014.9999999999,3.2534865,4896.48,264000
25425,56736.0000000004,3.2230044,5768.4675,262275
24750,59136.0000000005,3.2246802,1224.12,257400
23325,63194.9999999997,3.2220342,6389.4675,254475
24825,76992,3.218418,134.67,264900
28200,63956.0000000004,3.2218578,2610.75,276225
30300,63055.9999999987,3.2156838,138.72,279225
31500,63041.9999999993,3.2155074,2377.2675,280725
32175,48805.9999999993,3.2192118,5216.67,280725
31500,53615.9999999989,3.2134788,3326.67,282975
32175,52740.0000000003,3.2088042,3780.75,284925
32325,57650,3.2099508,151.23,285000
32175,81510.0000000013,3.2044824,3207.87,286200
31875,66939.0000000002,3.2050998,0.48,280200
33525,64480.0000000013,3.2027184,5676.75,276150
34350,63491.9999999995,3.2015718,4609.92,280050
31875,62118.0000000007,3.2086278,1254.6075,274875
32025,50524.9999999991,3.2093334,3.63,277500
32550,68671.9999999999,3.210039,961.23,275325
32475,63909.9999999996,3.2125968,164.28,280200
26025,48047.9999999997,3.2187708,256.6875,267075
25950,45017.9999999996,3.2527737,27.9075,266475
24075,43720.0000000006,3.2558922,1200,262350
24900,46200.0000000002,3.2222106,2219.52,257925
27000,52670.0000000009,3.2159484,32.67,258975
26100,51304.0000000014,3.2124204,410.67,258600
24975,49609.9999999996,3.2169186,5067.63,257025
23025,52890.0000000008,3.2180652,4118.1075,251850
22350,49117.9999999996,3.2191236,3257.1075,246375
22050,48800.0000000007,3.2205348,315.1875,243000
21450,47919.999999999,3.2527737,1808.1075,247275
22200,43199.9999999999,3.2501007,79.5675,250950
23100,49733.0000000013,3.2176242,2059.32,247350
27225,47969.9999999996,3.2125968,1129.08,258075
26400,55083.9999999999,3.2120676,787.32,251025
27600,56016.0000000005,3.2125086,3612.27,258825
28575,55679.9999999988,3.2115384,25.23,272175
29100,58967.9999999995,3.2081868,2170.83,276225
29925,57732.0000000005,3.2040414,472.5075,277425
32175,55900,3.2041296,6375.63,277425
28125,75206.0000000006,3.2032476,2727.0675,272025
22800,157136.000000001,3.2023656,538.68,263925
20400,225569.999999999,3.1938984,1706.4675,261975
20775,79127.9999999994,3.2351319,327.6075,262800
20700,58895.9999999987,3.2384286,5676.75,255375
19800,48119.999999999,3.2354883,115.32,252450
18900,45333.9999999994,3.2365575,4207.5075,246300
18225,44967.0000000001,3.2394087,6306.6675,248475
18375,102726,3.2358447,113.4675,246600
16275,48676.0000000007,3.2411016,3519.1875,244350
15675,52255.9999999993,3.2401215,428.4075,242025
16275,58904.999999999,3.237894,1094.43,243450
15675,51116.0000000011,3.2392305,224.4675,240000
17250,52086.9999999995,3.2332608,5808,239775
18825,80064.0000000001,3.2274693,5431.5075,240600
25125,66042.0000000007,3.1975146,1158.3675,240300
26400,61739.9999999994,3.1991022,4527.9675,243975
24375,103818,3.1953096,5469.87,240600
24300,237303,3.1834026,3062.4075,240450
22425,194789.999999999,3.1880772,6389.4675,238050
19125,108232,3.196809,5266.83,232500
16950,109311,3.2278257,100.92,231825
16050,117747,3.2259546,376.32,230925
14175,66149.9999999995,3.235221,4423.68,222900
14025,77286.0000000013,3.2260437,588,220275
15750,110175.999999999,3.1943394,575.4675,223725
16200,82008.0000000002,3.2310333,1552.6875,224550
15600,89063.9999999999,3.2329935,366.3075,222150
14850,77867.9999999995,3.2291622,10.83,224700
16350,53544.0000000009,3.2286276,1742.43,240225
15975,58185.9999999999,3.2255982,1830.27,245325
17100,57339.9999999999,3.2205195,5585.7675,253725
18825,101156.000000001,3.2096493,2505.63,257775
18450,116702,3.2077782,3207.87,257175
20925,101156.000000001,3.2097384,227.07,256950
21150,82159.9999999989,3.2055507,5598.72,257625
21150,62452.0000000012,3.2114313,972,258300
21225,57281.000000001,3.2154408,48,256650
20100,56688.0000000005,3.2164209,4824.03,243975
16875,69251.9999999999,3.2130351,546.75,238650
14625,56351.9999999988,3.2257764,55.47,229875
13725,57476.9999999994,3.2258655,1170.1875,233250
8925,53415.0000000004,3.2268456,3346.68,227325
9525,50912.0000000008,3.2262219,1808.1075,225675
12150,51083.9999999992,3.2193612,787.32,235800
11325,52545.9999999991,3.2198958,0.75,234000
10800,63000,3.2212323,1845.12,232275
9300,60535.9999999998,3.2231034,1943.1075,231300
11400,61152.0000000005,3.2190939,2411.1675,234450
11775,60200,3.2186484,3664.5075,232950
12150,73809.0000000004,3.2055507,5495.52,237450
12825,116511.999999999,3.2010066,1764.1875,241350
13575,95534.0000000012,3.2097384,63.48,241500
13275,90230.0000000004,3.2098275,42.1875,238725
14100,79365.0000000007,3.2076,1273.08,242175
12825,67769.999999999,3.2100948,5715.9675,239700
10125,57223.9999999992,3.2169555,5940.75,230100
9450,55439.9999999986,3.2125005,5534.1075,229200
10950,59280.0000000005,3.2182029,1065.9675,231825
12300,57683.9999999992,3.2178465,1297.92,239175
13650,58848.0000000005,3.2202522,6.3075,240225
12225,106928.000000001,3.2114313,366.3075,236475
12150,84611.9999999996,3.2144607,136.6875,244200
13875,62971.9999999995,3.2162427,4343.4075,251625
14850,64130.0000000001,3.2185593,56.7675,253350
15300,61352.9999999989,3.218292,666.03,253350
20100,58652.9999999994,3.2197176,3706.5675,257775
15075,62270.9999999989,3.2199849,324.48,254400
14850,117275.999999999,3.2103621,209.1675,246750
13425,103739.999999999,3.2099166,2318.52,244200
11625,65727.9999999995,3.2162427,18.75,239925
9375,60000,3.2244399,3748.8675,234000
7125,55788.9999999998,3.2253309,50.43,224400
7200,59500,3.2182029,4185.0675,223425
12000,62035.9999999996,3.2201631,2864.43,231225
13350,57820.0000000011,3.2202522,2619.6075,233775
14775,57600,3.2187375,2028,235200
15825,54942.9999999999,3.2216778,5117.07,237375
19275,44889,3.2207868,4493.07,241350
20400,47190.9999999996,3.2190939,194.4075,244650
18600,44269.9999999995,3.2233707,2260.5075,238350
18300,47199.999999999,3.2239053,157.6875,236625
19425,54765.0000000004,3.2233707,1485.1875,235950
17850,49770.0000000002,3.2246181,1.47,235125
18825,47240.0000000006,3.2198067,867,236025
17025,47073.0000000001,3.219183,6088.5075,235275
12000,45144.0000000011,3.2287167,363,228975
12900,46359.9999999991,3.2267565,108,238500
12750,50482.0000000008,3.2264001,142.83,238875
14100,50599.9999999997,3.2280039,67.6875,241950
13275,51344.9999999987,3.2290731,772.8075,234375
11700,58310.0000000011,3.2349537,3612.27,227700
10350,52780.9999999999,3.2365575,49.2075,225900
16275,40404.0000000005,3.2337063,353.1675,224100
23325,31229.9999999997,3.2024538,117.1875,227475
16950,35650.0000000003,3.2438637,2360.4075,228750
13875,53279.9999999989,3.2398542,1361.07,228450
16200,144745.999999999,3.2291622,3942.1875,238725
18450,211603.000000002,3.1881654,6169.8675,246000
19875,156263.999999999,3.1970736,2827.47,249300
15600,42669.9999999986,3.2500116,1310.43,245025
11850,42504.0000000016,3.246804,97.47,239025
10500,42735.0000000005,3.2472495,3376.8075,235125
7575,47969.9999999996,3.2515263,617.7675,228900
34800,48912.9299999992,3.1767597,514.83,225225
40275,52428.0399999993,3.138048,5364.5625,221250
21825,70325.6399999987,3.214449,1677.9675,216075
42600,155966.579999999,3.0979215,2891.1168,213900
29700,173621.25,3.1667202,3560.4075,213900
15825,154780.000000001,3.2055408,4040.67,222300
19050,43243.9999999995,3.2466258,3.9675,226200
10275,42805.000000001,3.2555358,1966.08,226500
14100,73087.0000000001,3.2511699,1354.6875,225675
35550,88481.2500000008,3.1805136,2967.3075,224775
32550,88416.9000000008,3.181212,4073.7675,227325
12075,59219.9999999999,3.2546448,182.52,224925
9225,59565.0000000008,3.2650695,3159.0075,216975
8025,47563.9999999993,3.264624,4969.47,215550
13800,35639.9999999998,3.2566941,8.67,219300
20175,35944.9999999994,3.2480514,6142.6875,230250
14175,35802.0000000003,3.2484078,294.03,232275
30450,47151.7200000002,3.1776327,124.8075,226800
34725,47858.5800000002,3.1778946,3257.1075,231450
10050,35402.0000000002,3.2537538,4343.4075,230550
8325,34590.0000000013,3.2528628,5431.5075,230400
19800,22028.9999999993,3.2480514,6389.4675,232650
18450,25824.000000001,3.2507244,3834.1875,230025
7425,28079.9999999994,3.2612382,267.9075,230850
8100,35526.0000000003,3.2611491,3844.92,230775
7725,39372.0000000004,3.2642676,27,228150
19125,35017.2900000002,3.2268852,126.75,216300
34500,41235.4800000001,3.129813,2295.3348,171075
2457525,1973418.48000002,1083.7390347,1278.770625,2457525
18600,46699.0000000012,3.2093226,457.5675,166725
24450,52997.6699999999,3.1722624,2864.43,168300
13575,39847.4999999993,3.2433786,5241.72,171600
31425,40748.3999999991,3.1702752,4775.7897,169650
20700,49753.4400000004,3.2075766,3596.7888,171825
5175,44351.9999999998,3.2794146,155.52,173700
13275,35335.0000000004,3.2440842,245.7075,178350
15375,36555.999999999,3.2394978,81.12,180450
13125,39183.0000000005,3.238704,120.9675,177525
35625,49892.7799999995,3.131865,5645.8512,178425
35325,46177.5600000008,3.128787,1182.067425,181500
12075,51105.9999999993,3.2425848,3306.72,182025
10725,48734.9999999988,3.2493762,1875,182775
27600,44698.5000000002,3.171744,2939.07,178950
31950,67640.7600000004,3.136311,3888,175950
17175,55488.5100000006,3.2107194,6279.1875,175125
38700,85730.4000000002,3.1029588,1089.165825,174600
40875,120701.7,3.0944988,2771.908425,182550
13050,166583.999999999,3.2342058,206.67,181050
12675,172020,3.2335002,5092.32,175725
11175,183372,3.2386158,1735.2075,174000
12075,79056.0000000014,3.249288,5585.7675,174600
13200,38337,3.2581962,55.47,174300
14100,125568,3.2482296,763.2075,176775
11025,141921,3.249729,5821.2075,177750
30600,164706.3,3.145716,5092.32,182400
35175,164478.6,3.143493,3706.5675,185325
12825,114390.000000001,3.2596074,588,186375
9300,51744.0000000004,3.2676336,2619.6075,186075
9150,147503.999999999,3.2626944,136.6875,186300
29700,66470.5799999988,3.19464,39.9675,184800
35325,46260.7199999998,3.1936032,1291.125825,185775
14625,43600.0000000006,3.2465538,977.4075,186300
19575,36816.1199999999,3.1919499,3139.5675,182850
38850,31240.4399999998,3.1203225,125.4825,184050
22425,40114.7999999991,3.193434,962.28,182325
18675,43302.5999999989,3.1918626,318.153825,184425
43125,26430.600000001,3.118869,379.2393,189450
28500,35513.2799999996,3.1585248,13.0977,188100
10125,49536.0000000004,3.2652477,2012.43,189225
8925,45966.9999999992,3.264624,5729.07,188925
8100,45066.0000000002,3.2648913,982.83,188625
6750,45439.999999999,3.2634657,5.4675,186075
17250,43282.8000000006,3.2264442,4458.3075,181800
29025,40667.2199999995,3.1535136,720.75,174075
17025,49228.7399999993,3.1918626,734.7675,174450
10050,37960.0000000005,3.2297076,69.12,172650
10125,34019.9999999999,3.2292666,3468,172425
10125,32810.0000000003,3.2606145,4563,173400
9075,30271.9999999993,3.2632875,2809.08,172425
9375,32111.9999999999,3.2671188,4007.7075,172875
9975,32615.9999999999,3.232971,435.6075,173400
11625,28109.9999999997,3.2336766,19.5075,176175
12300,24083.9999999996,3.2342058,4309.23,177150
12600,23625,3.230325,2772.48,177825
8700,36530.9999999998,3.2659605,5521.23,180825
32850,32610.5999999997,3.1573152,330.75,180375
31725,32640.2999999997,3.1571424,5729.07,183000
18750,31121.6399999992,3.1998069,2523,181650
42150,17886.9600000007,3.0936528,5881.3425,178050
30375,24852.9599999995,3.1643136,1266.474825,179100
24900,32671.9799999991,3.2041719,777.63,179025
27975,33739.1999999993,3.1723488,5521.23,173850
14700,33127.3800000012,3.2443488,604.92,172950
35025,21526.5599999995,3.138534,5529.909825,171675
27150,27016.1100000006,3.1736448,2117.2833,172575
25125,29339.6400000002,3.1749408,6270.865425,172425
36675,21991.1999999995,3.1375935,858.33,171825
18975,32567.0400000008,3.2108067,2165.13,174675
40200,18326.0000000003,3.1357125,4835.523825,177525
36300,25163.4599999996,3.134088,3022.3017,179175
24225,39120.8400000005,3.2045211,5444.28,180675
34875,34626.2399999992,3.133404,81.860625,180450
17025,37145.7899999998,3.2062671,2691.0075,179025
29775,31092.9299999991,3.1664736,7.68,177600
30375,32637.3300000012,3.1620672,4297.8675,176475
7275,38553.999999999,3.2402916,2051.4675,177975
12975,29695.9999999994,3.2371164,821.7075,179550
11700,23114.0000000005,3.2386158,3257.1075,177675
10500,27311.0000000002,3.2751378,1077.3075,176850
10125,35479.9999999993,3.2722866,666.03,175950
10050,49113.0000000005,3.2327946,0.03,175725
11475,56560.0000000002,3.2296194,79.5675,177225
28650,70110.8100000002,3.1532544,399.6432,176775
28800,42886.7999999991,3.157488,1.92,176775
15075,62944.0000000002,3.223269,3920.4675,178050
31650,106925.94,3.1425408,2318.52,180675
29550,94752.8999999993,3.1443552,5067.63,184425
24600,79560.360000001,3.1825215,177.87,182775
35400,59831.6399999999,3.1172445,4540.5657,184350
17625,60876.0000000008,3.1905531,4207.5075,182025
16200,32794.9999999995,3.2283846,465.0075,179925
14325,39401.000000001,3.2286492,3.3075,180225
17325,60112.7999999997,3.1891563,0.9075,178350
30075,74487.5999999996,3.15144,2845.92,178200
16050,69931.6199999999,3.1898547,300,176925
36300,60623.6400000007,3.113397,1753.7553,176025
37500,55543.9499999994,3.113568,2254.237425,177675
7200,41509.9999999993,3.2621292,1010.1675,177825
12450,38284.0000000004,3.2267088,3198.0675,177975
11175,43142.0000000005,3.228561,939.87,181425
27225,72705.5999999993,3.1511808,1.08,181200
33075,38158.5599999998,3.1532544,4065.93,178800
14100,42407.9999999999,3.2273262,1273.08,182025
9375,45797.0000000012,3.2611491,4800,184275
10725,45708.0000000001,3.2562486,2901.63,184875
9975,49880.0000000008,3.2597235,1491.87,187275
9825,51480.0000000003,3.2616837,303.0075,190350
8250,45029.0000000006,3.2580306,400.2075,189225
6600,42840,3.2589216,4860.1875,188025
8250,45696.0000000002,3.2618619,1573.23,188250
8550,89176.000000001,3.2523282,192,188850
9225,47641.9999999996,3.2534865,19.5075,189900
16200,51198.0000000009,3.2176242,480.0675,193575
15525,53727.9999999993,3.2152428,955.8675,196425
14025,45990.0000000002,3.2167422,2445.3075,193800
13650,48090.0000000002,3.214449,1049.07,190800
12750,45143.9999999995,3.2154192,184.8675,193275
11400,66197.0000000002,3.2095098,744.1875,192000
33075,156791.25,3.0924495,5921.058825,185400
40275,177605.999999999,3.0539754,1284.9408,183975
14175,84318.0000000015,3.20166,5329.8675,182325
14700,68086.0000000004,3.2014836,730.08,184575
14550,57966.9999999994,3.2050116,1.47,185175
23175,136833.840000001,3.1634028,166.5075,183000
30375,127314.989999999,3.1238784,2593.08,182325
18375,75280.5899999995,3.1661964,1692.1875,183150
39450,77695.1999999999,3.092193,5815.445625,184050
33900,51566.1300000009,3.1321728,2808.320625,183225
6975,50423.9999999998,3.2426163,5204.1675,185850
16575,33471.9999999993,3.2057172,6279.1875,189000
19425,35342.9999999998,3.2063346,2781.6075,193050
14025,46410,3.2133024,1032.3075,195825
14625,40028.9999999998,3.2160366,5279.4075,195675
14400,40061.9999999998,3.2190354,3336.6675,195000
16050,38335.9999999992,3.2191236,79.5675,198075
16125,38432.0000000009,3.220182,1614.72,198300
17175,38080.0000000009,3.2216814,1077.3075,198375
15300,36580.0000000003,3.2227398,679.5075,196500
9300,27983.9999999994,3.2565159,3100.8675,191250
29775,21086.0099999997,3.1460832,4633.47,188475
33825,29723.7599999996,3.1483296,5342.52,188850
10275,35092.0000000003,3.2244156,70.5675,185400
14250,18521.9999999992,3.2183298,428.4075,184050
18300,12596.9999999996,3.2172714,6115.5675,192075
10500,27755.9999999996,3.2520609,67.6875,214950
31875,27348.75,3.1787676,1297.92,212850
38400,29242.6199999996,3.1425408,4173.87,219225
19050,32608.0000000007,3.2446656,171.0075,249975
17325,34474.9999999994,3.2422599,4389.1875,253275
17325,24825,3.2431509,903.0675,253725
17850,34894.9999999994,3.242349,487.6875,257475
21825,33824.9999999998,3.2393196,688.5675,263025
23400,35099.9999999999,3.2058936,4836.0675,265350
22575,36186.0000000005,3.2058054,861.9075,262950
19200,35224.0000000004,3.2407452,219.3075,258525
16650,34416,3.2455566,3570.75,255600
15300,34128,3.2452893,2343.6075,252525
17850,32690.0000000008,3.2413689,3550.08,254550
15225,32776.0000000003,3.2419926,1212.03,249675
13200,34440.0000000008,3.2419035,3188.28,247800
13275,37391.9999999995,3.2418144,4993.92,247500
13575,35783.9999999999,3.244131,5598.72,246825
15975,37223.9999999999,3.241458,115.32,249375
15375,37835.9999999999,3.2426163,363,252075
13875,38220.999999999,3.2425272,3654.03,250050
17025,36260.0000000004,3.2384286,5129.4675,254550
17475,36214.0000000009,3.237003,2170.83,254850
22050,34854.0000000004,3.201219,483.87,256575
24525,34846.0000000009,3.1997196,2227.6875,269025
18225,34769.9999999996,3.2358447,149.1075,262725
15225,36270,3.2357556,1361.07,259125
14400,39599.9999999992,3.2381613,5781.63,257250
15975,36704.0000000005,3.2360229,1083,257175
16200,35424,3.2346864,993.72,258825
15975,28043.0000000006,3.2353101,245.7075,259275
17775,32980.0000000003,3.2358447,1054.6875,262575
18975,33863.9999999989,3.2329044,37.8075,263475
18375,33197.9999999998,3.2353992,1927.8675,260700
18975,31448.9999999998,3.23433,3326.67,261900
17175,35224.0000000004,3.2354883,237.63,259500
16125,39200.0000000006,3.2439528,4196.28,258525
16800,40614.0000000002,3.2439528,3834.1875,261975
15450,41495.0000000007,3.2443983,507,259200
13275,38319.9999999992,3.2524173,211.68,254475
12675,32288.0000000007,3.2558031,2227.6875,254250
10575,30906.9999999988,3.2599908,2090.88,252300
8850,32084.9999999988,3.2603472,196.83,250950
9375,38325.0000000009,3.2613273,379.6875,250575
10200,36074.0000000003,3.2623074,3386.88,250650
12150,34884.0000000004,3.258387,4668.9075,252450
12750,36155.0000000009,3.2586543,55.47,252375
11550,35926.9999999991,3.2603472,1720.8075,247350
12375,38303.9999999995,3.2582088,1742.43,246600
11700,40640.0000000006,3.2585652,3346.68,245175
11100,42352.9999999997,3.2572287,5304.6075,243900
12675,40520.0000000006,3.2567832,5927.4075,245925
14325,40880.0000000006,3.2560704,792.1875,251250
15975,44032.0000000007,3.2567832,279.3675,253800
16200,47281.9999999998,3.2550012,3168.75,255150
13650,52999.9999999987,3.2558922,75,251100
13275,50744.9999999991,3.2550012,3974.88,247500
14775,49097.9999999995,3.2575851,2655.1875,249975
12450,60163.9999999995,3.2599017,1438.83,248025
9375,63070.0000000001,3.264624,768,236325
7650,63600.0000000001,3.2701482,0.12,234450
21225,53626.9999999999,3.2322654,4129.23,231675
40050,35847.9000000004,3.1624992,686.1888,227775
28500,44747.9999999991,3.202164,3560.4075,230850
16725,65284.9999999996,3.2364108,867,239400
12075,68147.999999999,3.2709501,4029.6675,236250
7950,72709.9999999997,3.2712174,4836.0675,231675
8025,73696.0000000003,3.2765634,2718.03,233250
8475,77172.0000000004,3.279771,6075,233325
6975,74612.9999999991,3.2819985,2601.9075,229350
4275,73304.0000000003,3.286008,955.8675,226800
9375,59289.9999999994,3.2873445,4320.6075,225150
11025,55392.0000000005,3.288681,267.9075,225375
13725,63388.0000000001,3.2185944,6197.1075,225975
36600,48700.0799999992,3.1708233,32.3433,225600
25350,48663.9999999998,3.1739661,491.52,224400
27300,43910.9999999996,3.1740534,4704.48,223350
35700,38071.440000001,3.1712598,2664.097425,222675
13350,56050,3.2137434,4920.75,227625
6525,63388.0000000001,3.250368,343.47,229350
21000,56869.9999999999,3.2090688,846.72,229725
31950,51556.9999999991,3.1692519,1170.1875,229275
16725,58260.9999999994,3.2080104,1406.1675,231225
8025,64206.0000000007,3.2427945,5508.3675,235050
8475,64024.0000000001,3.2404779,1188.03,236175
8025,65178.0000000008,3.2447547,3468,225900
6825,65339.9999999996,3.2482296,1329.3075,219375
6225,64260.0000000007,3.2484078,777.63,214875
5475,67815.9999999986,3.2481405,26.1075,207600
5625,67944.0000000009,3.2486751,1491.87,208575
14925,67087.9999999986,3.2095098,3643.5675,215475
9450,68961.9999999998,3.2445765,1065.9675,212400
7350,72500.0000000016,3.246804,5663.7075,212475
5700,63953.9999999989,3.246804,184.8675,209550
6750,51987.9999999995,3.2458239,514.83,206625
12750,59384.0000000012,3.216213,1316.7075,205575
11175,63396.0000000007,3.2177124,2260.5075,206100
20250,62496.0000000005,3.1826961,592.2075,202725
27525,52602.9999999996,3.1467744,1146.6075,200325
15000,53018.9999999991,3.2183298,3072,201000
36150,33709.4999999997,3.1456512,1476.9513,201000
28800,37047.7799999998,3.1466016,2420.854425,199575
4500,54288.0000000005,3.2564268,711.48,199725
8100,51359.9999999989,3.2550012,1677.9675,200175
9000,49082.0000000008,3.2540211,3791.4075,201600
9225,53775.0000000004,3.2202702,495.3675,204450
29100,46065.0000000006,3.1790295,4343.4075,204750
26775,49920.0000000007,3.180339,119.07,208425
4950,63444.0000000006,3.254823,826.68,207225
7350,65884.0000000013,3.2537538,1471.8675,213825
9525,62450,3.2550012,168.75,228375
10425,63699.9999999995,3.2544666,403.68,231750
10050,63070.0000000001,3.2558922,1.47,228525
7275,57792.0000000005,3.2586543,2211.3675,223350
25425,51197.9999999985,3.188196,1927.8675,221175
31500,47920.0000000007,3.1875849,1004.67,221250
13425,56938.0000000011,3.2293548,4263.87,221850
12000,57459.9999999996,3.263733,1380.3075,219525
8325,56500,3.2651586,0.48,218250
21075,55613.9999999992,3.2242392,85.8675,217575
29175,56672.000000001,3.1893309,2059.32,217650
12600,64978.0000000002,3.2304132,1793.4075,221475
6825,66989.9999999997,3.2668515,697.6875,223725
8925,62526.0000000006,3.2650695,887.52,226950
10800,60221.0000000011,3.2613273,934.5675,229950
12000,57433.9999999999,3.2613273,2754.27,228300
20475,55843.9999999992,3.225474,1386.75,232725
19425,56120.000000001,3.2252976,5229.1875,234900
18900,54000.0000000003,3.225033,211.68,233325
19125,54739.9999999993,3.2235336,187.23,235500
15375,60050,3.2260914,1037.88,231000
9900,62900,3.26106,1771.47,224175
8475,63648.0000000007,3.2621292,324.48,220650
11700,57057.9999999999,3.231207,1532.28,197850
38775,35600.4000000003,3.1227165,103.3857,193875
29625,38942.6399999998,3.157056,818.4132,193275
7350,56304.0000000005,3.2644458,2004.6675,194100
10575,45961.0000000012,3.230766,4007.7075,195975
9975,43395.9999999995,3.2631984,2187,205800
8175,53340.9999999995,3.2541102,2227.6875,206850
7200,75384.0000000009,3.2155074,1706.4675,202575
7725,111727.000000002,3.2150664,1399.68,203400
20550,111341.999999999,3.17772,1254.6075,216675
17025,95567.9999999995,3.2125086,251.1675,215475
19200,50543.9999999999,3.2181534,4230.0075,217500
17550,38313.0000000015,3.2229162,2138.67,214575
13425,36868.0000000007,3.2258268,1532.28,209550
13650,45605.9999999998,3.2243274,5887.47,209325
12750,50578.9999999987,3.2282964,622.08,209100
10050,57791.999999999,3.2337648,21.87,206025
9750,58387.9999999997,3.2346468,6320.43,206850
8100,52848.9999999996,3.2638221,288.12,206325
8100,57510.0000000004,3.2633766,630.75,205725
8025,58095.0000000004,3.2633766,4095.9075,204975
5700,40889.0000000003,3.2611491,2352,202125
22350,26720.0000000004,3.189069,2277.0075,200325
29325,24263.999999999,3.152304,2883,197925
14700,26580.9999999997,3.2236218,5808,202125
6975,44448.000000001,3.2666733,134.67,202500
8475,51245.0000000006,3.264624,363,203775
8925,56087.9999999996,3.2656041,2343.6075,204750
14700,51679.9999999994,3.2323536,1478.52,208950
14700,53196.0000000001,3.233853,1890.03,213675
14850,44780.9999999998,3.2300604,2075.07,213225
12975,38668.0000000002,3.2282082,428.4075,211575
4500,34625,3.2668515,4872.27,201675
33300,16306.2899999994,3.1593888,4459.640625,195525
31875,18087.3000000007,3.1586976,2610.993825,196125
2325,26531.9999999999,3.2721975,5482.6875,196350
11325,32596.0000000007,3.2385276,5104.6875,199425
12150,39795.000000001,3.2425848,279.3675,200100
13425,49101.0000000001,3.2454954,2059.32,197850
30675,38792.1600000003,3.170016,4788.0075,198825
22200,49607.9999999982,3.2041719,28.83,201525
6375,53886.0000000002,3.2737122,3748.8675,202200
8250,51946.9999999996,3.274425,6334.2075,205125
11100,52438.9999999996,3.242232,3855.6675,206250
14775,49520.0000000007,3.2432022,5994.27,211500
17850,52416.9999999991,3.2407326,3014.67,221025
23625,51348.0000000014,3.2352642,6.3075,241650
27525,49536.0000000008,3.2293548,5092.32,255750
29625,50379.9999999997,3.2277672,414.1875,260625
29550,51289.9999999993,3.2271498,518.7675,262275
24375,49794.0000000008,3.2271498,1478.52,257775
22275,53145.0000000003,3.2261796,3877.2075,257100
22875,56258.9999999998,3.2253858,4836.0675,259200
19875,56541.0000000016,3.2556249,554.88,254850
17175,55797.9999999993,3.2582088,204.1875,242700
12000,53508.0000000003,3.264624,2892.3075,215775
12825,55571.9999999997,3.2305014,1323,213375
15300,55469.9999999991,3.2279436,2195.1075,215925
23250,57408.000000001,3.2234454,4218.75,219900
21300,51728.9999999992,3.2222106,5495.52,222900
20700,48749.0000000013,3.222387,4389.1875,220425
20325,48200.0000000007,3.219741,4764.0675,220500
20700,48600.0000000007,3.2189472,5380.5675,220650
21900,48912.9999999996,3.2222988,3043.2675,221250
20025,45980.0000000012,3.2270616,2051.4675,218550
20550,51471.0000000008,3.225915,821.7075,219825
21525,54739.9999999993,3.2216814,3633.12,221550
18900,50400.0000000002,3.222387,1720.8075,219600
17775,46722.0000000001,3.2233572,229.6875,218025
16575,46359.9999999995,3.2242392,1958.4075,214875
14925,46967.9999999994,3.2255622,3356.7075,214350
20475,43272,3.2240628,3866.43,218325
19800,44918.0000000005,3.2230926,306.03,220800
18000,45866.0000000011,3.2262678,1194.0075,216150
17250,43771.0000000006,3.2247684,109.8075,216300
13350,44536.0000000012,3.2327064,583.8075,212100
14400,46519.999999999,3.2339412,227.07,213225
13200,46207.9999999995,3.2327064,4007.7075,212025
13500,45769.0000000005,3.2342058,1419.1875,212925
11175,47931.0000000001,3.2692572,288.12,210375
9450,46398.0000000012,3.2697918,1134.9075,209100
9750,47424.0000000001,3.2711283,6210.75,210225
10725,43595.9999999999,3.2705937,546.75,212925
11700,42524.9999999993,3.2650695,2114.7075,217350
17475,42407.9999999999,3.2292666,2428.2075,224850
19050,42549.9999999989,3.2299722,5954.1075,227250
20325,43851.9999999995,3.228561,29.7675,229350
23775,43660.0000000005,3.2260032,5521.23,232125
31950,43662.9599999989,3.189942,6265.47,235125
24525,43703.9999999999,3.225915,432,222525
23100,39328.0000000009,3.2249448,5547,218475
17175,32175,3.2269734,1793.4075,213900
17025,49787.9999999999,3.2230926,3791.4075,217200
16200,45044.9999999998,3.225033,5393.28,217125
13800,36932.0000000002,3.2290902,209.1675,214950
13425,32500,3.2310306,5637.6675,215175
13500,33696.0000000006,3.2309424,245.7075,215100
17400,41055.9999999991,3.2295312,1194.0075,220425
17850,43015.000000001,3.232971,4516.32,219900
13650,47233.9999999995,3.233853,510.9075,217275
13800,46137.0000000001,3.2653368,78.03,218775
13800,48707.9999999996,3.2331474,5834.43,218100
20925,54000.0000000003,3.2315598,1088.7075,219900
21150,54630.0000000003,3.2327946,2593.08,217725
22275,57684.000000001,3.2330592,1285.47,219300
23250,53256.0000000002,3.2333238,4458.3075,219900
22650,52398.0000000014,3.2320008,70.5675,218925
20850,54726.0000000002,3.236499,5967.48,214275
31275,57149.9999999986,3.1991958,1.08,223350
21375,59155.9999999992,3.2384394,324.48,216525
19950,56495.9999999997,3.2412618,4446.75,215025
17250,57645.0000000004,3.242232,1860.03,213150
18075,51954.0000000002,3.242673,3091.23,216150
19050,50429.9999999996,3.2408208,343.47,218625
17775,52331.0000000009,3.2434668,1445.4075,217800
17700,53639.9999999987,3.2450544,2892.3075,215850
17325,53640.0000000004,3.2424084,4657.08,215325
17250,53195.9999999997,3.2424084,2318.52,215175
18075,60480.0000000005,3.243996,5900.7675,216675
18975,55967.9999999997,3.242673,25.23,216900
19725,52159.9999999989,3.2442606,491.52,217050
19650,45254.0000000005,3.2394978,4129.23,218550
22275,40320.0000000016,3.2345586,2098.8075,222450
22125,68160.0000000006,3.2292666,3110.52,221925
21000,45220.0000000005,3.2330592,2.43,220125
23550,35960.0000000008,3.2327946,2.43,237300
24000,27622.9999999988,3.2377338,1224.12,242250
23775,36703.9999999992,3.2416146,70.5675,243675
24075,37917.0000000015,3.2443488,4586.43,243300
22425,43661.9999999995,3.2459364,3834.1875,241125
19800,39406.0000000004,3.2441724,4230.0075,246600
17025,31175,3.2459364,23.52,230550
13200,30383.0000000005,3.2487588,3877.2075,208650
10875,35370.0000000013,3.2526396,2020.2075,205425
7125,51720.0000000007,3.2901957,15.1875,200025
8100,49061.9999999987,3.288681,2138.67,201675
8475,50583.0000000001,3.2528628,124.8075,203925
9900,50040.0000000007,3.2544666,267.9075,205875
9900,49720.0000000007,3.2535756,558.9675,206325
16800,52933.0000000009,3.2169186,1049.07,210075
14025,53064.0000000014,3.2200938,303.0075,210300
15525,52073.0000000008,3.2195646,792.1875,214500
16275,46839.0000000001,3.2195646,253.92,216675
15675,46583.0000000006,3.2158602,763.2075,216825
10650,39463.0000000003,3.2516154,3539.7675,213525
11325,47931.0000000001,3.2525955,5469.87,216450
13725,49814.9999999996,3.220182,1335.63,219000
15075,48440.0000000007,3.2187708,1406.1675,220875
16650,44436.9999999988,3.250368,6403.32,240000
16125,43955.9999999988,3.2474277,684.03,244800
17550,41264.9999999994,3.2463585,6251.7675,246000
16350,41291.9999999999,3.2443983,5980.8675,242775
15675,38180.9999999998,3.2419035,386.4675,239925
16950,43179.0000000005,3.2411907,1749.6675,239850
24150,41111.9999999999,3.2070402,41.07,246075
19725,39133.9999999987,3.2062464,2445.3075,242175
20925,39508.0000000004,3.2041296,4657.08,243525
19500,41055.000000001,3.2044824,6348,240750
17775,42875.9999999999,3.2378049,596.43,239175
15825,41054.9999999994,3.2402997,1438.83,235875
14475,40086.0000000004,3.2399433,2557.92,234450
13950,42069.9999999993,3.2397651,1706.4675,235200
15000,45675.9999999994,3.2388741,1065.9675,238950
15450,39338.0000000004,3.240567,128.7075,240225
13875,40389.9999999993,3.2411907,4788.0075,237750
10950,41480.0000000004,3.2470713,1367.4675,209625
10875,45658.0000000006,3.2177124,2557.92,202725
11625,46324.0000000006,3.2150664,772.8075,203025
13725,44820.0000000017,3.2139198,2343.6075,204225
14175,43749.9999999993,3.2106564,3366.75,212250
17100,41241.9999999987,3.208716,1478.52,231750
17625,41929.9999999994,3.2427945,3844.92,237375
16725,38939.9999999998,3.2444874,102.6675,237750
16275,34393.9999999991,3.245022,363,237975
14850,33880.0000000001,3.2447547,2059.32,237975
14775,32319.0000000012,3.2426163,4551.3075,239925
17850,34769.9999999997,3.2421708,867,243975
18900,33449.9999999997,3.2419035,4469.88,245025
18900,33209.9999999997,3.2413689,3237.3675,248100
21150,30520.0000000001,3.2392305,442.8675,270975
23400,29353.999999999,3.2351319,918.75,285225
24975,34019.9999999997,3.2342409,716.1075,292200
25050,41652,3.235221,2920.32,293550
23625,42911.9999999999,3.2360229,2326.8675,289200
22575,39533.9999999998,3.2391414,37.8075,287325
22500,40095.0000000015,3.2411016,450.1875,286800
23175,42945.0000000011,3.2406561,571.32,289950
24225,43667.9999999999,3.2380722,5598.72,290550
26475,41999.9999999993,3.2386959,3612.27,293925
24825,38874.0000000015,3.2401215,5191.68,291750
26175,38147.9999999988,3.2416362,5179.2075,291600
25200,39816,3.242349,4969.47,290325
25125,40071.0000000005,3.2422599,126.75,291000
25500,41116.0000000011,3.2378049,113.4675,293100
26475,40107.999999999,3.2376267,90.75,293325
23775,38465.0000000009,3.2408343,122.88,291375
21750,38543.9999999998,3.2406561,4481.4675,293325
24825,40880.000000001,3.2419926,720.75,299025
22200,42525.000000001,3.2435964,1100.1675,297600
21450,40949.9999999993,3.24324,372.9675,297825
20850,37264.0000000004,3.2435073,19.5075,299550
22950,40847.999999999,3.2452002,661.5675,300300
22425,44976.9999999996,3.2465367,2772.48,293625
23400,39183.0000000005,3.2417253,3159.0075,293775
20850,36685.9999999988,3.2427054,1341.9675,292350
19275,33263.0000000002,3.2435964,2655.1875,289650
17700,35111.9999999998,3.2444874,5043,287025
18600,38406.0000000004,3.242349,476.28,287400
20550,40697.9999999995,3.2410125,1015.68,290700
27225,39492,3.2385177,7.68,294750
24150,38640.0000000009,3.2403888,3417.1875,294000
23025,38919.9999999993,3.2406561,961.23,293175
21150,40188.0000000004,3.2419926,1140.75,289875
18150,40052.0000000004,3.2453784,2584.2675,286050
17550,39508.0000000004,3.2418144,2673.0675,285900
17250,39585.000000001,3.2435073,5204.1675,284325
16650,41648.000000001,3.2443092,4692.6075,284025
15675,40067.9999999999,3.2462694,5204.1675,285375
17250,40292.9999999989,3.2437746,253.92,286800
16500,29094.0000000006,3.2454675,2067.1875,286350
22200,25783.0000000004,3.2421708,2700,289650
17550,29718.0000000006,3.244131,100.92,287400
19050,31563.0000000012,3.2444874,5141.88,288750
20325,24380.0000000004,3.2444874,136.6875,290850
19650,27531.0000000005,3.2431509,120.9675,288600
18450,19616.0000000013,3.2457348,592.2075,286875
13725,20807.9999999985,3.251259,836.67,281250
14025,21726.0000000008,3.2529519,4309.23,281025
17925,89825.9999999996,3.238785,3356.7075,285300
19875,120931,3.2314788,5900.7675,288750
19950,106856.000000001,3.2329044,924.0075,288675
20775,87232.0000000001,3.2350428,3,286800
20175,80279.9999999993,3.2384286,514.83,286275
20625,78241.9999999998,3.2372703,312.12,290250
19950,78659.9999999991,3.2376267,279.3675,288150
17250,60351.9999999992,3.2400324,5808,285300
15300,50759.9999999989,3.2420817,5.07,281550
18675,31148.0000000006,3.2439528,48,278925
21075,108478.000000001,3.2269347,1140.75,291825
19575,118080.000000002,3.2282712,5279.4075,291975
20025,98495.9999999999,3.228984,297.0075,291975
21000,93450.0000000004,3.2278257,4.32,292050
16200,80829.0000000012,3.2317461,526.6875,283500
20175,77349.0000000005,3.2291622,670.5075,286050
23775,69552.0000000008,3.2285385,487.6875,292950
24150,37727.0000000003,3.2362011,1188.03,295425
23925,38843.0000000003,3.2372703,5547,294450
23400,26544.000000001,3.238785,1248.48,294600
22650,40145.0000000003,3.2366466,1438.83,293775
21150,55649.9999999983,3.2360229,5768.4675,290625
20400,68600.0000000013,3.2384286,826.68,289050
17400,76834.9999999996,3.2398542,2187,286725
18000,76031.9999999989,3.2386959,115.32,287925
19725,70823.9999999995,3.2375376,2790.75,288300
15675,75737.0000000002,3.2434182,3024.1875,286800
14850,68158.9999999993,3.2420817,214.2075,288075
13575,58351.0000000009,3.2433291,4657.08,286500
19125,31151.9999999993,3.2442201,2411.1675,290850
21900,32708.0000000006,3.2429727,13.8675,293625
22950,38541.0000000008,3.2410125,2130.6675,295050
21900,17185.9999999994,3.2454675,643.8675,293625
21300,18732.0000000001,3.2464476,192,291150
20400,21231.9999999995,3.245913,206.67,291375
21600,24390.0000000009,3.2470713,5495.52,293025
25125,30579.9999999998,3.2483187,6.3075,299100
24900,30029.9999999998,3.2473386,5006.1675,303600
22425,28313.9999999998,3.2477841,2566.6875,300450
29550,28445.9999999998,3.2089806,4107,304125
26175,25577.9999999992,3.2428836,495.3675,304650
26100,27059.9999999999,3.2442201,180.1875,304500
22125,25673.9999999999,3.2452002,6251.7675,299025
23025,25968.000000001,3.2481405,476.28,304200
22425,26641.9999999999,3.2483187,1786.08,300975
21675,25440.0000000004,3.2510808,2082.9675,295350
24225,26313.000000001,3.2489424,666.03,297150
24450,26313.000000001,3.2490315,4848.12,298050
25125,27587.9999999999,3.2491206,0.0675,297375
26700,28775.9999999998,3.248586,2557.92,300600
28875,30815.9999999993,3.2163894,483.87,302850
29475,26796.000000001,3.2174478,600.6675,300450
22950,28865.0000000005,3.2555358,5055.3075,292500
21750,28933.9999999987,3.2558031,3457.8075,293025
23400,27433.9999999999,3.2575851,6007.6875,294750
24225,29568.0000000011,3.2589216,3.9675,295575
20925,28473.9999999987,3.2607927,1566.3675,291525
17100,21436.9999999984,3.2644458,79.5675,285900
16725,26249.9999999992,3.2638221,3560.4075,284250
17175,24092.0000000015,3.2633766,372.9675,284100
16425,25180.0000000004,3.2586543,28.83,282825
15450,25180.0000000004,3.2614164,2162.7675,282075
21750,28643.9999999998,3.2581197,2584.2675,285975
19950,36008.0000000001,3.2574069,6292.92,288000
23475,22543.9999999995,3.2528628,2012.43,290175
24975,58456.9999999994,3.2546448,4504.6875,293175
26850,46719.999999999,3.2136552,15.1875,291600
28050,33480.0000000013,3.2225634,675,287850
27825,18298.0000000001,3.2199174,2445.3075,287250
27600,14365.9999999999,3.2186826,768,294075
27450,37169.0000000003,3.2207994,4776.03,293925
23700,5320.00000000083,3.2550012,3,292950
20475,54187.9999999992,3.2600799,579.63,295350
21450,17393.9999999994,3.2556249,1230.1875,296325
19800,45396.0000000001,3.2606145,3550.08,294075
19650,32812.0000000007,3.2620401,5304.6075,292650
18750,29279.0000000005,3.2645349,3014.67,290325
16875,31343.9999999993,3.2670297,2646.27,288900
19125,27636.000000001,3.2678316,821.7075,292425
18750,19859.9999999989,3.2579415,2479.6875,287025
15300,21000.0000000008,3.254823,432,282900
14625,23759.9999999987,3.2597235,0.1875,281175
13350,4972.00000000078,3.2590107,6115.5675,279375
24150,35247.0000000003,3.2563377,400.2075,285150
21975,6404.99999999964,3.2549121,4469.88,283875
22650,49406.9999999991,3.2599908,4481.4675,284775
19800,5324.00000000083,3.2590998,173.28,280950
14025,7949.99999999842,3.2600799,1764.1875,276075
15675,23596.0000000002,3.2589216,16.5675,274650
16125,23692.9999999997,3.2606145,1927.8675,275850
14850,35930.999999999,3.2631093,327.6075,273075
15600,17523.9999999994,3.2596344,35.7075,274500
15075,29472.0000000011,3.2638221,4645.2675,276150
15450,34970.0000000007,3.26106,604.92,275925
23325,28392.0000000011,3.2615055,22.6875,279675
20625,12799.9999999993,3.2615946,3437.4675,280575
19050,21546.0000000008,3.2648022,1386.75,280050
18000,19456.0000000013,3.2660496,2691.0075,277875
17625,22050.0000000008,3.2656041,153.3675,278925
17925,24015.9999999997,3.2663169,2211.3675,278625
16950,25660.0000000004,3.2715738,1310.43,253050
16200,26334.000000001,3.273534,1230.1875,246900
10500,27521.9999999998,3.2767416,2178.9075,237600
11775,25116.000000001,3.2755833,3802.08,237375
18300,18955.0000000002,3.2724648,13.8675,241125
17550,22700.0000000003,3.26997,3468,259575
10650,29400,3.271752,1465.23,267225
24900,27543.9999999998,3.2342058,366.3075,268050
36525,25945.9199999992,3.22812,600.6675,272475
22875,26439.000000001,3.2291784,4140.3675,273675
13500,25473.000000001,3.2636439,6361.8075,273900
14025,23960.9999999993,3.2613273,149.1075,276600
22275,23920.0000000003,3.2577633,42.1875,285450
19650,22951.9999999997,3.2623965,2781.6075,273375
19650,19551.9999999996,3.262842,104.43,268875
21375,25473.0000000009,3.2631093,1458.6075,272100
22575,25739.9999999999,3.2616837,939.87,275550
17325,25959.9999999999,3.2649804,2043.63,270825
18075,20717.9999999991,3.2648022,977.4075,271875
18975,18223.9999999996,3.2653368,3727.6875,273900
18300,19006.0000000002,3.2632875,130.68,273450
16950,23898.0000000009,3.2656932,3844.92,278400
15975,25139.0000000004,3.2673861,5874.1875,273450
17700,26279.9999999994,3.2641785,1786.08,274200
18375,25553.0000000004,3.2648022,993.72,275250
18075,27048.0000000005,3.2657823,194.4075,272700
18450,31018.0000000006,3.2665842,5241.72,272250
19800,31538.0000000006,3.2641785,2488.32,277425
20325,23218.0000000014,3.2624856,446.52,279075
20475,24480.0000000003,3.2629311,3685.5075,278700
20625,19503.9999999996,3.2631093,56.7675,277425
22650,16968.0000000001,3.263733,0.0675,278625
22500,17340.0000000007,3.2626638,2377.2675,276225
20025,19159.0000000002,3.2649804,3366.75,272925
17850,22659.9999999987,3.2680098,363,257250
17700,26266.0000000005,3.2697918,2754.27,255300
23025,28825,3.2340294,510.9075,255675
19800,23640.0000000003,3.2680098,1950.75,257550
22425,24160.0000000003,3.2635548,113.4675,283425
24375,28358.9999999988,3.2630202,806.88,295200
24525,28129.0000000005,3.2618619,897.87,301650
27900,27715.0000000005,3.260169,2260.5075,304275
26400,36810.0000000014,3.2591889,0.0675,304275
26925,41084.9999999998,3.2616837,4920.75,301950
28500,37439.9999999997,3.261951,5469.87,306225
28500,32940.0000000013,3.2644458,56.7675,299925
27225,33611.0000000007,3.233412,993.72,287625
24450,33698.0000000007,3.2709501,1587,279750
22800,26003.9999999999,3.2765634,955.8675,277050
25800,24926.9999999993,3.2418792,45.63,280350
26475,25094.9999999993,3.2432904,6210.75,284250
21900,22229.9999999997,3.277098,383.07,276075
21450,19407.9999999996,3.2770089,393.3075,274800
23700,21654.0000000008,3.2751378,3005.1675,276525
22350,21780.0000000008,3.2751378,4516.32,269625
23175,20570.0000000002,3.2762961,157.6875,271050
21675,18029.999999999,3.2768307,693.12,267375
21150,19408.0000000013,3.2765634,84.27,267450
21450,21491.9999999991,3.2756724,2709.0075,265350
22950,21564.0000000008,3.2764743,151.23,267000
21150,17865.0000000007,3.277989,1749.6675,268650
25950,21204.0000000008,3.241791,4051.6875,273075
27375,20988.0000000008,3.2423202,706.8675,274050
26550,20826.0000000008,3.2451426,763.2075,272850
28725,25598.9999999993,3.2437314,1927.8675,282675
29475,22068.0000000008,3.2498172,3129.87,276825
29250,16340.9999999994,3.248406,15.1875,276900
29025,16288.9999999994,3.2467302,2593.08,277200
27900,17626.0000000001,3.2454954,11.4075,275250
23250,12549.9999999993,3.2821767,227.07,268950
20925,13518.9999999999,3.2830677,730.08,264975
20400,16702.0000000001,3.2814639,6389.4675,265350
20175,15876.0000000001,3.2829786,476.28,262950
18825,15694.0000000001,3.2831568,4263.87,260250
20175,21402.0000000008,3.2866317,530.67,268650
23550,23217.9999999997,3.2743359,5254.2675,279150
22950,19040.0000000013,3.240567,4007.7075,286425
24975,19407.9999999996,3.2397651,2610.75,289200
25575,20160.0000000014,3.240567,4776.03,292350
25950,21947.0000000002,3.2426163,6403.32,294450
26475,21386.0000000002,3.2420817,3612.27,291525
26100,23039.9999999991,3.2402106,3227.52,293250
28500,21827.9999999984,3.205188,693.12,296775
28275,20447.9999999996,3.2057172,643.8675,294450
28875,21794.0000000002,3.2059818,13.23,296325
32550,22031.9999999991,3.2080104,3519.1875,306525
31275,24695.9999999993,3.2094216,6007.6875,304350
27300,25035.9999999999,3.2440419,2471.07,298725
26025,26887.0000000005,3.2434182,2252.28,297300
25950,24737.9999999993,3.2427945,3727.6875,298575
27150,25052.9999999992,3.2406561,1927.8675,300000
25275,26311.9999999999,3.2434182,748.92,297675
26700,27279.9999999999,3.2444874,3149.28,299925
26400,24580.0000000003,3.242349,1.92,298275
28200,25850.9999999992,3.2417253,2718.03,297900
30000,25871.9999999992,3.21048,1200,291525
32100,25787.9999999992,3.2120676,955.8675,288525
31950,24820.0000000004,3.2138316,2873.7075,288375
31575,23141.9999999997,3.2149782,0.1875,286500
31875,25493.9999999992,3.2145372,575.4675,299400
32025,27646.0000000005,3.2133906,4884.3675,300600
29325,27002.0000000005,3.2170068,3005.1675,290550
25350,27393.0000000005,3.2524173,6238.08,285300
24750,26135.9999999999,3.2531301,3581.1075,283125
29550,26223.9999999999,3.2173596,288.12,291075
39825,23423.3999999987,3.2120676,4504.6875,304875
33300,25871.9999999992,3.215772,333.9075,293625
32175,25320.0000000004,3.2172714,4230.0075,290775
31200,27389.9999999999,3.214008,4107,288825
27825,31350,3.2145372,22.6875,288825
27075,30527.9999999993,3.2454675,102.6675,291225
26475,30504.0000000012,3.2445765,56.7675,298125
26025,32708.0000000006,3.2465367,1728,298875
24750,32604.0000000006,3.2471604,237.63,296850
23700,36259.9999999983,3.2456457,4788.0075,296475
25425,38189.9999999996,3.2452002,4118.1075,299175
25500,35784.0000000002,3.2438637,309.0675,301050
29625,31400,3.2092452,5715.9675,303750
32100,27235.9999999998,3.2070402,327.6075,311025
28425,29992.0000000005,3.242349,4860.1875,305175
27750,33025,3.2435964,108,303000
25275,30153.0000000005,3.2444874,2293.5675,299250
24300,29946.0000000005,3.2460912,253.92,297375
24375,32700,3.2454675,3407.07,296550
25050,33025,3.2453784,5030.7075,296475
27675,32889.9999999989,3.2445765,526.6875,297150
26100,30750,3.214449,2799.9075,283725
5250,11952.0000000001,1.5158934,4539.63,64650
0,0,0,0,0
0,0,0,0,0
0,0,0,0,0
0,0,0,0,0
0,0,0,0,0
0,0,0,0,0
0,0,0,0,0
0,0,0,0,0
0,0,0,0,0
0,0,0,0,0
0,0,0,0,0
0,0,0,0,0
0,0,0,0,0
0,0,0,0,0
0,0,0,0,0
0,0,0,0,0
0,0,0,0,0
-375,475.199999999999,0.6362226,880.3107,150
-3075,4018.41000000001,1.439424,1847.5776,1575
-2025,2627.52000000002,3.1421772,4670.3223,13725
1350,940.800000000001,3.002076,1126.1904,17400
16050,12732.16,3.1924656,1223.9073,74400
19350,24698.52,3.1845132,2479.6875,103050
32700,22678.5999999996,3.1714002,3443.425425,134025
37800,21191.5200000002,3.2230656,6054.411825,179700
35100,16849.8000000003,3.2542821,6.244425,193950
30825,15163.8299999989,3.2541948,5377.192425,194250
15225,10779.9999999999,3.3193314,2043.63,226350
15675,9810.00000000037,3.3121143,136.6875,237525
17625,15694.0000000001,3.3040953,297.0075,239775
19050,16785.0000000006,3.2975019,4332,242925
18900,14546.9999999995,3.2933142,4884.3675,238875
24825,14559.9999999995,3.2557266,657.12,243375
31050,10679.9999999994,3.2499936,211.68,250050
30750,7647.99999999984,3.2460246,836.67,251400
31425,7615.99999999984,3.2434668,2252.28,247650
32925,6507.27000000069,3.2434668,4945.08,248100
34500,12792.78,3.2447016,2967.3075,249825
46125,8860.50000000076,3.2087115,0.1188,264975
43575,5351.9400000002,3.2078385,2454.890625,270675
38175,3805.55999999924,3.2113305,1140.75,254700
36450,3892.68000000061,3.2118543,3696.03,241800
31200,4821.29999999972,3.246642,0.0075,234075
29925,1946.33999999961,3.2512284,383.07,233325
30525,982.080000000502,3.2526396,4504.6875,240600
32025,1950.29999999961,3.2484942,2682.03,247050
33825,3805.55999999924,3.2480532,6129.12,254250
33825,23566.9499999989,3.2441724,349.92,252150
33750,28910.9700000006,3.243996,18.75,250275
35475,46866.5999999988,3.2402916,592.2075,254400
37800,75465.7199999992,3.2326182,4320.6075,270600
37875,110583.999999999,3.2265324,4598.1675,287325
36300,106739.999999999,3.2265324,4752.12,286950
35925,89551.0000000013,3.2278554,483.87,287700
36300,79990.0200000009,3.2310306,140.7675,289500
35700,31304.0000000001,3.240468,554.88,287400
37200,6551.82000000025,3.2434668,20.28,289800
36300,6516.18000000024,3.2469948,276.48,287550
35475,7643.99999999926,3.2489352,2995.68,284775
36525,8609.03999999982,3.2480532,5781.63,285300
37875,21978.0000000003,3.2439078,1580.1075,289125
36525,82390.0000000004,3.235617,522.72,288450
37125,65887.9999999998,3.2374692,5030.7075,290025
38475,10008.8999999994,3.2477886,4007.7075,291150
37425,10088.1000000009,3.247524,2268.75,290700
37650,10187.1000000009,3.2467302,376.32,289950
32025,10420.0000000009,3.2507874,5043,284625
24225,12121.9999999999,3.2872554,1950.75,278700
24600,13380.0000000005,3.2876118,1291.6875,278925
25350,27431.9999999994,3.2859189,43.32,281925
25950,54190.9999999999,3.2800383,2352,283575
25575,70259.9999999993,3.2780781,5742.1875,281700
26250,8448.00000000132,3.2908194,2051.4675,282225
23025,55468.0000000011,3.2812857,6361.8075,279225
23025,90036.0000000008,3.2757615,1706.4675,278775
24750,31680.0000000007,3.2834241,1399.68,279900
27450,13397.9999999987,3.2882355,2028,281700
27600,48411.9999999995,3.2817312,4140.3675,284325
30300,71828.9999999998,3.2429376,3866.43,287175
32775,22907.999999999,3.2483178,3062.4075,289425
34200,13259.9999999995,3.2540508,2436.75,291600
35625,12407.999999999,3.2534334,166.5075,293250
36450,13011.570000001,3.253698,5559.9075,291600
33300,46859.9999999998,3.2458482,4185.0675,291900
31800,57356.0000000011,3.243555,5229.1875,291225
40950,17923.9500000002,3.2481414,3643.5675,298125
36525,13234.000000001,3.2553738,1094.43,296100
35475,12348.0000000005,3.2539626,4435.2075,294525
33375,14714.0000000001,3.2536098,126.75,291300
32175,12396.0000000005,3.2574906,35.7075,289575
27975,13649.9999999995,3.2928687,4657.08,283500
25875,12455.999999999,3.2941161,5834.43,281025
26475,11439.9999999999,3.2938488,1670.88,281475
27675,16229.9999999991,3.2910867,1.2675,284325
28875,14196.000000001,3.2909976,3366.75,285750
32175,14079.0000000011,3.2574906,657.12,290550
30600,13766.9999999995,3.2600484,1088.7075,280500
29475,11538.9999999999,3.2619006,4872.27,270150
30075,12768.0000000005,3.261636,1621.6875,269550
30450,10529.9999999994,3.2632236,297.0075,269700
30375,11964.0000000005,3.2624298,2790.75,276900
29100,12883.000000001,3.2624298,1182.0675,279225
27900,10923,3.2655168,4118.1075,272475
27225,9090.00000000034,3.2648112,2067.1875,267975
35550,9840.59999999944,3.2583726,151.23,275700
33525,11712.0000000004,3.2610186,3014.67,279450
33825,9849.99999999944,3.2604894,43.32,285600
34275,10944.9999999999,3.2614596,3560.4075,288000
35850,14880.0000000006,3.2600484,4084.83,293550
37800,17606.1600000007,3.259431,3366.75,299850
38700,17517.0600000007,3.2604012,157.6875,301950
38325,16560.7200000002,3.260313,279.3675,301125
36300,19560.0000000003,3.2627826,2873.7075,297600
34275,20635.9999999999,3.2648112,5055.3075,292500
36300,18182.9999999998,3.2662224,2293.5675,296100
37275,18734.7599999998,3.2678982,3866.43,293850
34800,13350.9999999995,3.269574,1060.32,291000
34575,16399.9999999997,3.2663106,5742.1875,291075
36075,19468.3499999998,3.2648994,4981.6875,291375
35100,21080.0000000003,3.2653404,4945.08,289800
36300,17107.1999999996,3.265164,6348,291150
32325,14672.0000000001,3.2659578,259.47,289275
31425,16079.9999999997,3.2654286,192,287325
31650,17119.0000000002,3.2649876,75,285075
31425,19474.9999999998,3.2665752,913.5075,274425
29100,22490.9999999993,3.268251,1026.75,268350
27900,20319.9999999988,3.2705442,6102.03,267675
28125,15632.0000000011,3.2683392,55.47,273900
27825,16728.0000000002,3.2991057,4062.72,278100
28350,19940.0000000003,3.3008877,514.83,283500
30900,21146.9999999994,3.266928,4241.28,286950
30225,19000.0000000012,3.2659578,1094.43,286050
29925,15030.0000000006,3.2639292,2901.63,285675
35175,16575.9999999996,3.2608422,3748.8675,291075
32700,18953.9999999992,3.264282,4320.6075,291975
32250,23847.9999999999,3.2636646,6210.75,290850
31575,23671.9999999999,3.265605,1105.92,289800
30900,19529.9999999992,3.2657814,122.88,289500
28425,18095.9999999996,3.3024024,400.2075,288000
28875,18938.0000000002,3.3001749,43.32,289050
31050,19205.9999999992,3.2666634,343.47,291525
30600,18207.0000000002,3.2646348,1026.75,291375
30150,17583.9999999996,3.2648112,3974.88,289800
30825,19193.0000000002,3.2649876,157.6875,289800
30225,18623.9999999996,3.2671926,903.0675,276825
27750,18528.0000000012,3.2698386,1749.6675,268200
27600,10701.0000000004,3.2690448,5431.5075,271125
26850,12060.000000001,3.3046299,6048.03,270150
28425,16842.0000000001,3.3014223,782.4675,283200
28575,14339.9999999988,3.3009768,3685.5075,287400
29625,17790.0000000007,3.2991057,73.5075,291975
29775,20026.0000000002,3.2991057,262.2675,295200
28875,18847.9999999996,3.2999076,4574.7075,294750
37275,21063.2399999991,3.261195,1471.8675,300375
34875,23961.0000000009,3.2628708,108,301875
39600,19691.1000000007,3.2622534,2028,307800
39300,21205.8000000003,3.262518,1559.52,305550
35325,18899.9999999992,3.2626944,393.3075,295050
31950,16671.9999999996,3.2677218,6375.63,277275
31200,12395.999999999,3.268251,18.75,274500
28200,15435.0000000006,3.3003531,706.8675,271200
28875,23253.9999999999,3.267369,1452,277275
28125,17071.9999999996,3.3005313,229.6875,282450
27750,14882.0000000001,3.2999967,2637.3675,281400
27375,16049.9999999991,3.2676336,3227.52,271800
30675,20500.9999999998,3.2648994,30.72,275025
31725,17279.9999999996,3.261636,2301.87,276075
31500,14001.000000001,3.2617242,507,279225
38475,11488.9500000014,3.2580198,4969.47,283800
34725,7872.47999999983,3.2589018,1200,278700
35775,8731.80000000033,3.2589018,6375.63,278175
35625,9860.40000000084,3.2610186,5431.5075,276750
34725,15399.4500000006,3.2615478,1129.08,282450
33975,16704.0000000011,3.2630472,25.23,283725
31275,15629.9999999991,3.2670162,333.9075,276150
29625,15288.0000000001,3.2692212,6075,266550
27225,15778.0000000001,3.2716026,393.3075,259650
26925,14989.0000000011,3.2736312,4129.23,259050
28650,19652.0000000002,3.2721318,716.1075,269925
28425,20790.0000000008,3.2728374,1749.6675,265875
28200,16296.0000000001,3.274425,3159.0075,260400
26775,13692.0000000005,3.2750424,3257.1075,258600
30450,14742.0000000001,3.2734548,184.8675,260175
28425,15480.0000000006,3.2708088,5874.1875,272925
29325,22640.0000000003,3.2663106,1706.4675,277050
30525,60350,3.2641938,1656.75,282900
30675,19583.9999999992,3.2676336,2892.3075,284775
28950,18522.0000000007,3.2716908,1539.0675,282600
29250,16964.999999999,3.270456,4.6875,282300
29325,73643.9999999991,3.2674572,2.43,284100
29550,103662,3.266487,5650.68,285075
30750,92583.9999999992,3.2655168,5292,286725
30825,51557.0000000008,3.2681628,117.1875,289650
32475,55292.000000001,3.2677218,414.1875,291450
31800,12936.0000000005,3.2721318,5482.6875,290400
29850,18003.0000000002,3.2740722,5380.5675,275550
29325,36695.9999999998,3.274866,592.2075,268725
29925,48552.0000000002,3.274425,428.4075,267825
30300,50995.9999999998,3.2724846,7.2075,269325
31725,39202.0000000004,3.2715144,149.1075,277200
33000,51744.0000000002,3.2723964,5380.5675,270825
33450,22989.9999999997,3.2743368,2646.27,269625
33075,26627.9999999992,3.2738076,2566.6875,268800
29475,9663.9999999998,3.2765418,1642.68,267300
30075,48618.0000000006,3.2733666,196.83,276450
30825,41471.9999999991,3.2724846,3091.23,281775
31425,37199.9999999996,3.2705442,1380.3075,284925
29625,61804.9999999998,3.2723082,468.75,274650
28125,54997.0000000009,3.2747778,151.23,265050
27750,33372.0000000013,3.275307,253.92,264750
27975,55088.0000000015,3.2745132,6061.5075,264600
29775,29951.999999999,3.272661,1485.1875,277875
27450,22512.0000000008,3.275748,2496.9675,267300
24750,6365.99999999873,3.2791878,872.1075,260250
28425,14078.9999999995,3.279717,324.48,262875
30525,6378.00000000024,3.2751306,1224.12,268425
28800,9774.00000000037,3.277512,259.47,271650
26775,11923.9999999999,3.2806872,2628.48,265650
26850,19673.9999999992,3.28104,2195.1075,265875
27000,18734.0000000002,3.2833332,363,268650
29400,11945.9999999999,3.2816574,211.68,275850
29250,20162.0000000002,3.279717,1297.92,281100
29850,16724.9999999991,3.2830686,4458.3075,288225
28425,12000.9999999999,3.2838624,4504.6875,277950
26775,12912.0000000005,3.3178167,2394.1875,273900
28200,13032.0000000005,3.282363,2488.32,275775
29700,14208.9999999995,3.2821866,2377.2675,277875
30675,10869.9999999994,3.2805108,982.83,280200
28500,79925.9999999996,3.273102,3834.1875,276900
25725,105229.999999999,3.2720436,27,268200
25575,109394,3.2724846,5521.23,267300
26475,123096,3.2725728,221.88,265500
26775,114580.000000001,3.2783058,3508.92,266775
27150,117797.999999999,3.2763654,3685.5075,269925
28500,120233.999999999,3.2740722,887.52,270900
38625,103901.489999999,3.2716026,1642.68,282150
35550,183639.000000001,3.265164,851.7675,284400
34650,154665,3.26781,4469.88,288750
35850,86304.0000000006,3.2743368,3888,289650
36825,101453.999999999,3.271338,782.4675,293250
34275,140579.999999999,3.2693976,3759.48,291675
32475,105360,3.2716026,554.88,291150
30450,96865.9999999995,3.2746896,2584.2675,290250
30450,147445.999999999,3.271779,1158.3675,290925
32550,95039.9999999999,3.2740722,262.2675,292875
32625,53578.0000000008,3.2799816,1285.47,291900
31350,77279.9999999992,3.2790996,3866.43,292200
34650,91909.9999999985,3.2778648,3706.5675,294225
37725,107081.999999998,3.2728374,483.87,300525
35025,80405.0000000007,3.2768946,2360.4075,301875
35550,90719.9999999999,3.275307,153.3675,298350
34575,103003,3.2753952,4252.5675,285900
36000,64232.0000000003,3.2800698,5279.4075,281775
36975,35740.9799999998,3.281922,5018.43,281250
38625,43361.9999999991,3.2796288,1.6875,286125
41400,48604.0500000003,3.275748,46.8075,297525
39750,36218.1600000004,3.2782176,3376.8075,297450
39225,45135.0900000001,3.277071,232.32,295425
38175,44203.5000000011,3.279276,59.4075,293475
37200,30343.5,3.2852736,12.6075,276900
39150,35944.919999999,3.2514012,2799.9075,273675
43050,29795.0400000011,3.2494806,1199.9097,277200
41850,6961.68000000027,3.251925,3617.4897,278700
41625,29462.3999999994,3.2824512,14.52,290250
41400,41974.0200000004,3.28104,0.48,293550
40725,64324.2600000006,3.2782176,4728.27,295350
50400,57371.4899999998,3.2377824,4436.652825,303900
44250,18657.5400000007,3.282363,4517.37,300300
45525,21642.3899999994,3.2848326,4669.203825,308775
44700,16600.3199999997,3.2843916,4799.6388,306150
45000,27395.280000001,3.281481,613.47,306900
45225,27537.8399999994,3.2777766,1242.3675,311175
42450,34434.1800000003,3.2758362,652.6875,307575
44475,60760.2599999985,3.2715144,1647.169425,310725
46350,72796.6799999988,3.270456,282.335625,313350
47250,56727,3.2723082,74.25,313650
45825,25922.160000001,3.277953,4011.170625,311775
43950,12283.9200000005,3.282804,1272.6153,304050
41550,15729.1200000011,3.2840388,6075,291600
40125,19483.2000000003,3.289419,1194.0075,287850
39225,25070.7600000005,3.2908302,826.68,285300
42375,25527.1499999996,3.288537,270.871425,297900
44475,25687.5299999996,3.2906538,6202.8153,302775
44850,25070.7599999991,3.2914476,2403.925425,308250
45825,18753.5699999998,3.2862438,1863.682425,310425
49050,23384.7900000004,3.2825394,3423.229425,317250
50775,23407.5600000004,3.2820984,10.164825,320475
47325,35893.4400000009,3.277071,4132.1313,315825
44175,38136.7800000004,3.2774238,5055.3075,312000
45450,63652.0499999997,3.2709852,399.6432,313800
49200,79453.4400000013,3.2678982,2984.5233,319425
50850,66894.3000000014,3.269133,96.4953,322275
50250,51508.7099999998,3.2756598,3700.8873,319950
48525,62924.3999999987,3.2778648,3596.7888,315825
42750,58214.9700000006,3.2790114,3149.28,298125
44550,29429.7299999996,3.2821866,2717.735625,301200
52725,25170.75,3.2527107,3146.722425,319500
51525,25566.75,3.2865084,637.428825,320325
51300,27232.9200000005,3.2882724,2826.615825,320475
49950,26898.3000000005,3.2896836,158.2713,319575
48900,27318.060000001,3.2904774,2303.598825,318975
48600,24972.75,3.2912712,541.2825,319350
46725,26203.3200000005,3.2913594,4907.694825,317775
46650,24898.5,3.2919768,4992.57,317625
47475,25482.6000000005,3.2918004,209.5632,316950
46875,25420.2299999996,3.2910066,2395.4832,315450
47700,25862.7600000001,3.2892426,270.871425,315225
46350,27620.9999999997,3.2888898,549.3312,315000
46275,26389.4400000001,3.2880078,3433.32,314175
45225,22678.9200000004,3.2860674,0.363825,310950
43800,36495.3599999999,3.2839506,1778.7675,309975
43800,47600.1899999999,3.2820102,6115.5675,312375
43950,79641.5400000004,3.2794524,550.8075,312675
44775,79708.8600000009,3.2793642,2141.139825,313200
45450,87876.3600000002,3.2774238,3453.5457,313500
44925,79140.6000000003,3.2795406,755.575425,311025
46950,23304.5999999999,3.2865084,3576.1473,313200
46125,17974.4400000002,3.28986,690.710625,304200
43575,13256.100000001,3.2961222,2254.237425,291525
44100,21101.8500000008,3.2979744,4598.814825,291975
45450,20255.4000000003,3.2984154,3838.435425,293175
45975,24163.9200000009,3.2974452,19.312425,301350
46275,24116.3999999995,3.2946228,3690.410625,305250
46050,19543.5899999998,3.2940054,4740.127425,309075
45225,73222.3799999995,3.2824512,28.5417,310050
49500,67636.7999999986,3.28104,3463.680825,316050
50925,43809.4800000005,3.2503536,769.8537,317775
50325,11957.2200000015,3.2912712,14.3748,317400
50025,20710.8000000003,3.2946228,3353.0112,317100
48075,11717.6399999999,3.2948874,5053.640625,306075
45150,31462.2000000001,3.2936526,4459.640625,293625
47400,58532.7599999995,3.2544567,1272.6153,294675
46650,77823.9000000003,3.2513139,1457.148825,297900
47775,40256.3699999989,3.2564646,3989.370825,304425
47700,24230.25,3.3007968,1923.676425,306825
47325,23735.25,3.2997384,858.33,317025
46425,24452.9999999991,3.300885,23.2848,315750
46800,22690.7999999995,3.300444,4000.2633,317250
44175,22428.4500000004,3.3020316,2567.1492,314925
44100,22193.8199999999,3.301326,5029.167825,316950
44925,23225.4000000004,3.3020316,3679.9488,316875
44250,24449.0400000009,3.3037956,3.927825,309825
44400,22694.7600000014,3.304854,6148.6425,308700
51975,21663.1799999994,3.2685993,3838.435425,314700
46500,21767.1300000008,3.3055596,4931.870625,309675
44100,24088.6800000014,3.3084702,577.969425,305025
46275,24546.0599999999,3.3076764,1016.4825,304500
43050,25251.9300000004,3.3112044,1530.4113,296625
40725,24546.0600000004,3.3139386,2130.6675,292575
38475,23217.4799999999,3.313233,4657.08,292800
37575,23239.2599999999,3.3118218,5874.1875,289500
37500,24432.2100000004,3.3125274,3953.07,289350
37800,25328.160000001,3.312351,5768.4675,287850
35625,28990.0000000006,3.3130566,31.6875,287400
35925,26999.9999999994,3.3152616,1.08,287400
35475,23099.9999999993,3.3142914,4423.68,285975
35400,19565.9999999992,3.3130566,801.9675,287100
34950,21720.0000000003,3.3137622,5.4675,286950
34425,22721.9999999993,3.3131448,153.3675,286050
37275,24978.0000000004,3.3117336,417.72,289050
37050,27250,3.312351,3696.03,289575
36450,26858.0000000005,3.3151734,5431.5075,289350
36750,24575.9999999995,3.3149088,199.2675,291600
36825,22770.0000000004,3.3130566,303.0075,292575
38175,23237.2799999995,3.310146,21.0675,294150
38250,24255,3.3111162,50.43,292350
38775,22724.459999999,3.310587,2790.75,295650
37575,23231.9999999999,3.3108516,17.28,293325
38025,25727.9999999995,3.3106752,1875,288450
38625,24136.1999999989,3.3098814,1958.4075,288450
38550,27824.9400000006,3.3082056,3478.2075,289200
41025,30353.4000000001,3.308382,253.92,294075
41325,23825.3399999993,3.3060006,1778.7675,296100
39975,80356.320000001,3.266766,1778.7675,293775
38250,94387.5900000002,3.3014142,72.03,292500
36450,66250,3.3027372,2471.07,291525
34500,13595.9999999999,3.3089994,39.9675,290775
36300,7146.00000000027,3.308382,3748.8675,294075
35625,14591.9999999988,3.3075,1458.6075,293550
36300,23693.0000000015,3.3060006,410.67,294150
36375,39809.9999999996,3.3045012,4309.23,293925
37125,13474.9999999999,3.305736,1297.92,296850
39075,22383.8999999997,3.3093522,2646.27,298275
44100,18364.5000000001,3.3019434,0.9075,303675
44775,36895.3199999983,3.2658057,2004.6675,304950
44625,40081.1399999984,3.2656311,276.48,302850
41700,23474.8799999997,3.3018552,4129.23,297225
40425,38966.4000000009,3.3007086,2948.4675,293250
40425,13935.2400000005,3.3028254,45.63,295425
41400,12686.8499999999,3.3030018,5794.8075,297225
41700,12577.9499999999,3.3022962,209.1675,298050
41175,23042.2499999997,3.300885,5104.6875,296775
41325,42445.2600000004,3.2985918,1927.8675,296925
40575,10852.3799999987,3.3027372,806.88,296700
39675,46292.3999999993,3.3019434,6334.2075,294375
48000,37667.5200000008,3.2637105,2918.982825,298800
43200,13917.4199999999,3.3006204,7.2075,297675
39225,30935.5200000012,3.3010614,739.47,294000
34575,25660.0000000004,3.3043248,372.9675,285600
34725,11268.0000000004,3.3053832,1335.63,285750
36675,14833.0000000011,3.3063534,2939.07,289725
37200,10332.0000000004,3.3045012,1129.08,291225
39150,11592.8999999993,3.3015906,702.27,294225
38850,25684.560000001,3.3033546,626.4075,293700
38325,56949.7500000003,3.3073236,5482.6875,291975
37350,26495.9999999994,3.3038838,3159.0075,291675
37350,31268.1600000001,3.3031782,1194.0075,291000
39150,30038.5800000006,3.3038838,27,290700
39900,49135.6799999999,3.3049422,1223.9073,291975
38025,32848.1999999997,3.3049422,1134.9075,292650
37950,26013.0000000005,3.3082056,297.0075,292800
39300,25730.1000000004,3.3087348,1642.68,294675
40275,27942.75,3.307941,5154.3075,295800
39525,13804.5600000005,3.3064416,4908.6075,294525
39225,50540.4900000001,3.3015906,3120.1875,294750
38475,80783.9999999992,3.2983272,2967.3075,294600
37800,69112.0000000001,3.3015024,5715.9675,291675
37800,28532.0000000001,3.307941,2727.0675,294600
37275,31124.0000000002,3.3090876,4516.32,294150
37575,19391.9999999996,3.3060006,379.6875,293550
38850,13863.9599999989,3.3087348,801.9675,295950
39300,30432.5999999992,3.3107634,346.6875,296175
39900,11800.800000001,3.3071472,5129.4675,298800
39975,12784.8599999999,3.3058242,702.27,301200
40875,11513.6999999994,3.3046776,3812.7675,301575
38700,21834.0000000008,3.305295,661.5675,299925
39075,11848.3199999999,3.3084702,450.1875,302475
37725,7762.99999999924,3.3097932,291.0675,297600
36900,31967.9999999995,3.3098814,4332,291750
36450,13896.9999999995,3.3144678,0.75,291600
35400,26459.9999999996,3.3150852,924.0075,292125
37650,50288.0000000002,3.3164964,164.28,296850
40875,39453.4799999999,3.3024726,5495.52,302025
41025,135550.8,3.2897718,58.08,304125
42750,72111.5999999993,3.2970042,3696.03,303825
41400,23742.1799999993,3.3073236,33.6675,301050
40200,26458.7400000004,3.3072354,5154.3075,298425
42450,27561.5999999994,3.3012378,1100.1675,300900
43050,20528.6399999992,3.2975334,4413.724425,301950
39375,61981.9199999995,3.2962104,2948.4675,299250
39525,27609.1199999994,3.3027372,4400.67,300375
39825,44229.2399999999,3.30309,711.48,301275
41475,123759.899999999,3.2968278,6156.27,304800
39750,186243.75,3.291183,797.07,302775
39375,184016.25,3.2906538,522.72,304800
45600,100683,3.261528,4196.28,309600
45600,24199.5600000009,3.2979744,5960.9088,308175
42600,67969.4400000002,3.2984154,18.0075,304425
43650,31295.8800000002,3.3031782,3346.68,306075
43425,15429.1499999991,3.305736,2278.8513,306000
42300,37901.1600000003,3.2997384,5229.1875,304800
40650,32506.6499999998,3.3067062,1878.591825,303000
37050,19998.0000000003,3.3096168,315.1875,277500
32250,65322.0000000008,3.3082056,1310.43,258000
32625,145420.000000001,3.2691231,2106.75,255750
34650,129327.660000001,3.2686866,542.7075,253425
33900,77111.9999999994,3.2730516,3356.7075,253575
35250,46819.0800000002,3.308823,142.83,255525
35625,40090.0499999994,3.2775912,78.03,255450
38400,51725.5200000002,3.2762817,2673.0675,256125
35925,93445.1100000006,3.2747976,836.67,251475
33825,59637.5999999987,3.2776785,887.52,250725
33075,125580,3.271131,17.28,249075
34350,11147.400000001,3.3157026,4872.27,250350
40575,36139.9499999994,3.2823054,3764.0592,255450
37950,25565.760000001,3.2801229,1984.620825,254175
39975,17867.5199999996,3.2809959,843.249825,254625
41550,19994.0400000008,3.2812578,162.6372,256200
43050,18546.6600000002,3.2810832,1242.061425,258975
41025,17344.7999999996,3.283353,3224.536425,256575
41025,17091.3599999996,3.2847498,5402.496825,257025
40425,31487.9399999995,3.2783769,158.2713,258000
42300,15481.6200000001,3.2831784,659.3697,259575
41925,28908,3.2782023,3679.9488,259425
40650,7851.69000000083,3.2802975,2726.7273,258750
37425,13507.5600000005,3.2799483,1425.72,256725
37275,31240.4400000001,3.279861,7.68,257025
38475,19263.4200000007,3.2878926,43.32,257850
40650,15874.6499999991,3.2843133,641.7873,260325
39000,23043.2399999999,3.2849244,8.085825,258075
39675,26136,3.2849244,3050.791425,258750
38100,21580.0200000008,3.2855355,697.6875,257550
38625,17368.5600000002,3.2871069,1354.6875,260625
39300,16251.8399999997,3.2848371,302.9697,262950
35550,15998.3999999997,3.3200244,1367.4675,258450
33525,16863.9999999996,3.3209064,3346.68,255000
33225,16943.9999999996,3.3230232,3346.68,249225
33900,15874.6500000006,3.322053,5650.68,249000
34800,15978.5999999991,3.321612,2479.6875,249675
35325,15065.8200000001,3.2875434,1699.32,250800
34425,17043.8399999996,3.321612,3570.75,251250
34950,16853.7599999996,3.3232878,3738.27,252000
33675,17301.2400000002,3.3222294,421.2675,249450
33825,18817.9200000007,3.3225822,518.7675,249225
32400,20614.9999999998,3.3240816,1316.7075,247500
32175,19890.0000000008,3.3257574,639.48,244200
32925,18649.0000000002,3.3241698,3159.0075,245400
36225,19584.1799999992,3.289464,693.12,247350
36825,21255.2999999997,3.2910354,237.63,247800
33075,20988.0000000008,3.3261102,2873.7075,245325
35250,17522.999999999,3.2886783,3996.75,247425
35625,15006.4199999995,3.288591,432,248400
37050,14839.1100000011,3.2879799,253.92,248550
36225,17760.6000000007,3.2869323,1808.1075,249300
33675,17879.399999999,3.3234642,2523,248850
34200,12458.1599999999,3.3232878,6279.1875,249750
34950,15772.6800000001,3.3239934,4945.08,250800
33750,16884.449999999,3.3253164,2540.43,250575
33825,14658.9299999995,3.3266394,4332,250275
30975,15890.0000000001,3.3280506,468.75,245850
31125,20016.0000000008,3.3265512,0.48,245775
33225,22255.2000000003,3.324258,17.28,247725
36000,23542.2000000003,3.2895513,1242.3675,252000
36225,27050.7600000005,3.2882418,134.67,252975
37500,20095.0199999985,3.2895513,1266.9075,251625
38700,16424.1000000001,3.2899005,1304.1675,255375
35850,17597.2500000007,3.3239934,661.5675,252675
31500,18975.9999999996,3.3250518,1026.75,246450
31500,19720.0000000002,3.3248754,2.43,245550
31275,18879.9999999996,3.3301674,1176.12,245025
31200,16687.4400000001,3.3322842,4051.6875,246150
31200,17879.399999999,3.332196,5406.0075,246675
31425,20349.0000000002,3.3296382,3478.2075,247575
32850,25095.0000000009,3.3287562,1026.75,248550
33525,22816.5299999997,3.3284916,483.87,248625
33450,22157.9999999991,3.3284034,1279.2675,248925
32475,23902.0000000015,3.3281388,5637.6675,247800
32325,20936.5200000002,3.3254928,1966.08,249075
32775,19958.3999999996,3.325581,821.7075,248475
31950,22453.2000000009,3.326904,6238.08,246000
31800,24849.0000000004,3.3254046,3005.1675,247425
31875,20431.6199999985,3.3236406,1830.27,247875
32025,17220.0000000006,3.32514,219.3075,247575
33525,22082.9399999997,3.3241698,2523,250425
35475,20332.6200000008,3.323817,4400.67,252600
39225,19441.6199999992,3.2880672,909.5625,259200
39525,19495.0799999992,3.2873688,5154.3075,261150
43725,18496.1700000002,3.2876307,1946.4192,265350
45375,19316.8800000007,3.2854482,202.145625,269400
41550,16632.0000000006,3.2865831,5.412825,264375
41100,17693.2799999996,3.2875434,5478.766425,264450
39900,20190.0599999992,3.2866704,4992.57,261675
39075,15109.3800000011,3.2878926,3633.12,261675
39525,15006.4200000011,3.2886783,201.72,261675
38850,14916.3299999995,3.2891148,3953.07,261225
38700,17915.0399999996,3.2899005,2619.6075,259950
40350,17693.2800000012,3.2882418,4143.216825,259950
41850,18849.6000000002,3.2873688,533.2932,260850
43800,16988.4000000006,3.2880672,6229.9908,261750
42075,18152.6399999996,3.2863212,4054.948425,259800
42000,15661.8000000001,3.285099,1938.823425,260400
42000,13709.5200000005,3.2850117,2575.888425,260775
40425,98912.8799999996,3.2775912,5380.5675,258225
39375,121607.640000001,3.2760198,5166.75,256575
37800,99664.2900000017,3.2808213,417.72,253875
37500,22916.5200000009,3.285972,1.92,251700
37500,17629.9200000001,3.2850117,510.9075,251850
40500,26673.5699999992,3.2811705,1088.7075,258150
43200,38194.1999999996,3.2815197,256.8753,258675
44100,49395.0600000012,3.2804721,1878.591825,259050
45525,9092.1599999998,3.2832657,151.833825,261525
43125,2241.35999999955,3.2834403,2101.4532,259200
38625,26005.3199999999,3.2830038,630.75,253950
39075,39314.8800000009,3.2816943,4563,252600
38625,39853.4400000009,3.2823927,3601.8675,250350
38775,33230.3399999988,3.2838768,1458.6075,252300
38100,48461.4899999987,3.2835276,1054.6875,250875
36900,12602.6999999993,3.2886783,4007.7075,241950
37425,17810.1000000001,3.2885037,3062.4075,240450
39525,13242.2399999999,3.2892894,4286.52,241950
38025,41532.480000001,3.2876307,988.2675,243150
45075,40740.4799999991,3.2480352,5960.9088,251025
39075,31402.8000000006,3.2843133,716.1075,245625
36525,58655.520000001,3.2841387,1989.1875,240975
32625,52279.9199999996,3.2891148,5418.75,236025
32325,26375.5799999998,3.29121,3931.32,235500
32025,50252.4000000007,3.2897259,2436.75,234300
32925,28868.3999999994,3.2898132,2496.9675,235425
34575,17754.6600000001,3.2876307,4884.3675,233700
36300,10026.7200000016,3.2871942,2883,237000
39075,10589.0399999998,3.2852736,113.4675,239175
39975,5148.0000000008,3.2827419,1931.2425,243525
40350,4942.08000000077,3.2803848,3443.425425,246450
36000,10683.0900000004,3.2840514,4574.7075,242100
34275,22235.4000000003,3.2844006,4788.0075,236775
31350,26712.000000001,3.2871942,5980.8675,234225
31350,23582.9999999993,3.2864958,2187,228750
31875,15689.5200000001,3.2881545,2673.0675,217350
34050,17772.4799999996,3.285972,1692.1875,220350
36075,15398.4600000001,3.283353,4776.03,221250
36450,17233.9199999996,3.2809959,1897.5675,230475
39600,20408.8499999998,3.2784642,5960.9088,239175
42225,19192.1399999992,3.2759325,486.6048,247725
41025,21799.8000000003,3.2752341,2181.1977,247575
47550,22910.5800000009,3.2383584,2681.917425,254100
41550,22494.7800000008,3.2767182,449.3313,251625
43575,25328.1599999995,3.2759325,5594.1732,252900
41175,27852.6600000011,3.277242,3576.1473,250050
34275,26383.5000000005,3.2808213,1004.67,243300
33825,26623.9999999991,3.3134094,4824.03,251325
32025,23437.0000000004,3.3156144,4932.9075,250725
31350,23459.999999999,3.3164082,6292.92,249825
32625,20540.0000000003,3.3149088,166.5075,248325
36375,18301.1400000007,3.2790753,13.23,253800
32700,21260.0000000003,3.3157026,2584.2675,246675
33000,22952.9999999993,3.315879,124.8075,250725
32250,22511.9999999993,3.3142914,2892.3075,253275
31425,23605.9999999999,3.3142914,2873.7075,254025
31200,22826.9999999993,3.3157026,861.9075,255225
39825,23243.2199999993,3.2797737,28.5417,262425
35100,21048.3900000013,3.3149088,4908.6075,261075
35925,22328.4599999993,3.3129684,23.52,262800
35250,24386.6700000004,3.3122628,12.6075,260475
34500,25280.6399999995,3.310587,5598.72,257700
30600,32220.0000000012,3.3129684,1004.67,251550
30450,31668.0000000007,3.3128802,2736.12,250575
32250,26400.000000001,3.3116454,706.8675,252450
33600,23957.9999999999,3.3097932,592.2075,255900
29700,24881.9999999998,3.3126156,95.7675,251025
29475,24661.9999999999,3.312351,34.68,252000
28575,24046.0000000014,3.3117336,2691.0075,251250
27525,22910.9999999993,3.3112926,2986.2075,248475
26175,18734.0000000002,3.3124392,4586.43,244200
25125,25323.0000000004,3.3126156,132.6675,246225
26775,23275.9999999999,3.3111162,5229.1875,257625
29400,33824.9999999998,3.3073236,1297.92,283425
33000,36972,3.3034428,675,284925
32475,33890.9999999998,3.3046776,0.0075,284175
31500,27620.9999999996,3.3065298,2531.7075,284850
30825,26945.9999999996,3.3054714,1920.27,284550
29700,28246.0000000006,3.3043248,2162.7675,284775
29175,31615.9999999993,3.3014142,106.2075,286500
36150,32472.0000000012,3.2941818,199.2675,291825
32550,34135.9999999989,3.2956812,1367.4675,289950
32775,37187.9999999999,3.2945346,3072,289800
28425,28188.0000000011,3.3311817,657.12,286350
30375,31500.0000000012,3.2946228,2402.67,288975
32025,36278.0000000004,3.2922414,149.1075,289425
32700,37415.0000000009,3.2917122,4007.7075,288225
32775,36960.0000000009,3.2910948,1649.7075,287475
27450,35672.9999999998,3.3261921,856.83,282300
25275,38267.9999999999,3.3279741,2754.27,281925
25425,37100.0000000009,3.3270831,81.12,281475
19425,37415.0000000009,3.3313599,216.75,275700
18900,40144.999999999,3.3306471,1077.3075,276300
18825,41876.000000001,3.3315381,3888,274275
18675,40885.0000000005,3.3312708,877.23,274500
19125,33539.9999999997,3.3324291,1438.83,276225
21225,31899.9999999991,3.3308253,3316.6875,278400
23025,32248.0000000007,3.3288651,76.5075,283350
24600,34687.9999999993,3.3294888,149.1075,285375
24750,32992.0000000008,3.3290433,913.5075,284850
23100,31109.9999999997,3.329667,4981.6875,280800
20550,29909.9999999997,3.3311817,24.3675,277875
25800,28709.9999999992,3.3292215,5572.83,281025
24000,28622.9999999992,3.3275286,1699.32,281475
23550,26378.9999999996,3.3239646,5406.0075,282750
24600,29697.9999999989,3.3221826,3366.75,282675
25950,27347.0000000006,3.3215589,4073.7675,285375
26400,27115.0000000006,3.3210243,333.9075,285375
25875,24621.9999999992,3.3193314,491.52,283875
25725,25635.9999999991,3.3191532,5559.9075,282975
27150,26597.9999999991,3.3185295,1380.3075,285300
27525,26598.0000000005,3.2853618,4118.1075,284100
24825,24911.9999999995,3.3219153,90.75,281400
23325,24480.0000000009,3.3215589,1635.6675,283125
23250,27161.9999999996,3.3221826,38.88,283800
24075,29999.9999999997,3.3217371,4752.12,284925
24675,30839.9999999997,3.322539,2892.3075,288000
25875,32543.9999999993,3.3200442,1699.32,289350
26025,32735.9999999993,3.3190641,1123.2675,290025
27075,31589.0000000002,3.3196878,2293.5675,291900
28275,30659.9999999997,3.3181731,27.9075,293700
24750,34055.9999999998,3.3191532,2268.75,289275
25725,32519.0000000002,3.3186186,734.7675,291600
24375,33151.9999999993,3.3185295,136.6875,293700
23325,31217.0000000002,3.3169257,379.6875,295050
24900,31776.0000000007,3.3159456,372.9675,294450
23925,31448.9999999999,3.3187968,63.48,291300
26400,29698.0000000002,3.3187077,3539.7675,294075
25575,29821.9999999989,3.3163911,330.75,292200
25200,31646.9999999998,3.3171039,635.1075,291375
25500,32864.9999999995,3.318084,679.5075,291900
32400,33011.9999999999,3.28104,122.88,297900
34275,34003.0000000004,3.2787468,330.75,300600
31875,33596.0000000004,3.2809518,1882.5075,296025
29250,34389.9999999996,3.3142527,4657.08,294000
27450,33189.0000000004,3.3158565,4633.47,292050
24675,33228,3.3176385,3560.4075,289725
23775,35795.9999999996,3.317193,321.3675,287325
18825,36631.9999999995,3.3185295,1134.9075,281850
18600,34776,3.3187077,4872.27,281400
19575,34199.9999999999,3.3174603,609.1875,283950
21150,32537.9999999989,3.318975,3407.07,286350
20850,28889.9999999997,3.3199551,2162.7675,285000
27600,31232.0000000007,3.3175494,2593.08,292500
32250,31648.0000000008,3.2804226,446.52,299550
30000,32288.0000000008,3.3155001,5367.87,296250
27150,36467.9999999999,3.3153219,639.48,293775
24300,31248.0000000003,3.3199551,2195.1075,288825
26100,31310.0000000002,3.3187077,4073.7675,291225
26175,30450.0000000011,3.3191532,1361.07,292125
26175,31840.0000000007,3.3184404,6197.1075,292500
26400,34579.9999999995,3.3173712,2549.1675,293025
27450,37467.9999999995,3.3163911,2691.0075,293325
24900,36648,3.3172821,0.0075,289500
24000,32096.0000000007,3.3186186,1412.67,285225
24075,33560.9999999998,3.318084,961.23,286200
22200,35524.9999999994,3.3177276,4764.0675,283050
22425,34440.0000000008,3.316302,613.47,284100
19575,30194.0000000002,3.3209352,526.6875,281325
20475,28830.0000000011,3.3223608,2285.28,283350
21600,27114.9999999993,3.3200442,1735.2075,285600
22650,30260.9999999998,3.3187968,4621.6875,287550
24225,30362.0000000003,3.3175494,3664.5075,290850
21750,26157.9999999993,3.3190641,1771.47,287850
24450,28864.0000000006,3.3191532,2377.2675,287400
27600,28991.9999999994,3.3192423,2673.0675,295725
29625,30304.0000000007,3.318084,1419.1875,299325
25800,24375,3.3188859,6115.5675,294375
25125,26271.000000001,3.3181731,5663.7075,295050
24300,27897.9999999992,3.3181731,1094.43,294450
24000,27231.0000000006,3.3179058,4196.28,292575
22800,26404.0000000001,3.3173712,120.9675,290550
22350,25919.9999999996,3.3172821,82.6875,288750
20100,27869.0000000006,3.3174603,3844.92,285300
18525,29639.9999999997,3.3182622,554.88,282300
16575,31062.0000000002,3.318084,253.92,279150
15900,31465.0000000002,3.318975,1498.5675,280650
15525,29970.0000000011,3.3175494,5729.07,279900
18225,28825.9999999992,3.3161238,3909.63,283200
17850,28912.9999999992,3.3159456,81.12,283425
17925,26811.000000001,3.3166584,1525.5075,283575
22875,22263.9999999999,3.3209352,414.1875,285225
21600,24287.9999999995,3.3250338,2646.27,287175
22350,22858.0000000014,3.3266376,3877.2075,288075
21900,23391.0000000004,3.3274395,622.08,289050
18075,24350,3.3289542,306.03,283500
16200,22871.9999999995,3.3317163,563.07,271725
18000,25298.0000000005,3.3331419,76.5075,268650
17100,26486.9999999996,3.3310035,76.5075,267675
17775,28826.0000000006,3.3317163,2655.1875,267750
18525,29849.9999999997,3.326103,697.6875,268050
18150,31967.9999999993,3.3211134,10.83,266475
18900,30380.0000000002,3.3209352,389.88,267075
16650,29884.0000000002,3.3203115,3346.68,264525
16275,29946.0000000002,3.3183513,262.2675,263475
14775,30349.0000000002,3.3172821,1628.67,256200
16650,31283.9999999999,3.3162129,248.43,256500
17400,31151.9999999998,3.3158565,151.23,256200
15525,34195.0000000008,3.3158565,4230.0075,255525
7800,25402.0000000005,3.3169257,6.3075,254775
7200,21075.9999999999,3.34827,720.75,254475
11400,20919.9999999988,3.3107778,1943.1075,260925
8400,42126.0000000004,3.309174,2394.1875,259875
8475,56088.0000000015,3.3087285,3110.52,257850
3900,58437.0000000009,3.3108669,201.72,248550
10200,48399,3.3076593,666.03,235050
20025,47931.0000000001,3.270456,1.92,239625
11850,60065.9999999998,3.3070356,297.0075,239700
7425,70355.9999999994,3.3068574,349.92,244050
6450,69263.9999999995,3.3033825,514.83,247425
6375,65500,3.3019569,2901.63,255750
6375,60260.000000001,3.2991057,1927.8675,258075
8475,56544.999999999,3.2983929,5887.47,260850
10275,45583.9999999988,3.2974128,2154.72,265725
12600,35712.0000000003,3.2934033,977.4075,270825
12300,35495.0000000003,3.2941161,3296.7675,271275
11625,34317.0000000003,3.2975019,48,270300
8025,31976.0000000001,3.2980365,2818.2675,266775
6000,28031.9999999994,3.2991948,2745.1875,264450
5100,25542.0000000015,3.2991057,4860.1875,262425
20325,24595.9999999999,3.2905521,2948.4675,260550
30300,24331.9999999999,3.2518458,3748.8675,259875
13575,26256.000000001,3.2892156,51.6675,260025
3525,30100.0000000001,3.32649,2967.3075,258825
3750,39627.0000000005,3.32568,3198.0675,258000
5925,36992.9999999998,3.2896611,0.12,263550
9675,37751.9999999998,3.2881464,1111.6875,270150
11025,37388.9999999998,3.2854734,4458.3075,268575
10425,34472.0000000002,3.2852952,3696.03,270075
9225,33509.9999999997,3.2847606,487.6875,268500
9300,35210.9999999998,3.2840478,2.43,265425
9975,31436.0000000007,3.2840478,1593.9075,265350
4350,44733.0000000001,3.292245,3675,233250
3750,42666.0000000001,3.2971455,51.6675,203025
3075,45509.9999999996,3.2971455,4586.43,195825
1350,45509.9999999996,3.2987493,5254.2675,193425
5400,49182.0000000002,3.2956308,982.83,201675
3600,53460.0000000003,3.2991057,675,188550
19500,36344.0000000002,3.2268699,5292,179325
16350,38920.0000000002,3.2261715,3014.67,177375
3900,45807.3000000011,3.2654286,2377.2675,179100
28125,28450.9999999987,3.1882464,4504.6875,192525
19725,37439.9999999997,3.224862,1399.68,198600
9075,48059.9999999999,3.262959,472.5075,198300
16125,40320.0000000015,3.2578434,6115.5675,197175
17175,40455.0000000003,3.2560794,3581.1075,200100
9000,41334.4800000004,3.2596956,1266.9075,197025
29025,23806.9999999997,3.185136,5176.895625,181425
11775,31531.5,3.2239017,0.6075,175875
18825,25140.0000000003,3.2189256,22.6875,176850
24300,21905.9999999991,3.2142987,1621.6875,182550
2400,43069.9499999993,3.2858298,1485.1875,194250
16725,37062.0000000008,3.2447016,2790.75,198075
18675,37559.9999999996,3.242232,6021.12,206925
-1800,48870.3599999992,3.2828004,1973.7675,211275
19650,33809.9999999997,3.2412618,4481.4675,203250
18000,22723.9999999997,3.217005,3267,160875
-8175,42772.0999999993,3.294918,818.4132,155475
-7275,46434.9599999996,3.2966109,5079.9675,158250
-6675,49022.8200000002,3.2967,251.1675,157800
13050,30725,3.2212827,3.9675,157125
19575,20495.9999999996,3.1840128,1837.6875,155925
18825,21692.0000000002,3.1835808,2957.88,154800
10125,27172.530000001,3.2191002,1471.8675,152400
3525,30816.7200000012,3.2557266,3407.07,151125
16500,21827.9999999984,3.217878,4728.27,153000
8625,42560.000000001,3.22137,20.28,152250
2175,54816.9999999995,3.2571378,4185.0675,147075
1275,51428.5200000001,3.2571378,5444.28,147375
-23025,50540.0000000007,3.32973,9.5256,148425
900,41435.4600000004,3.256785,22.6875,148200
17025,35208.0000000013,3.183408,1498.5675,152700
10200,49245.0000000012,3.2198859,2106.75,156900
12150,39395.9999999982,3.2197113,613.47,160575
10425,40686.9999999989,3.252816,604.92,160125
15075,33644.0000000007,3.2172669,2664.12,155250
18150,28956.9999999987,3.2142987,6375.63,157125
10650,36071.9999999995,3.2160447,6224.4075,156600
9825,39527.0000000008,3.2183145,1498.5675,157500
10575,35747.9999999995,3.2164812,801.9675,155850
7725,40170.2399999992,3.2499936,1771.47,156450
12225,36746.9999999995,3.2137749,1800.75,155550
9750,43586.0000000003,3.215259,3110.52,154950
12750,42899.9999999996,3.2129019,1720.8075,157425
12450,44144.0000000003,3.2133384,2020.2075,157800
11700,40976.9999999989,3.2136003,5191.68,156975
9600,38108.0000000002,3.2127273,6048.03,156150
11325,25997.9999999992,3.213513,1628.67,155475
-11250,49927.0800000002,3.32244,3545.296425,156825
3525,44443.0799999999,3.2474358,13.23,153975
9075,25808.9999999992,3.2455836,2664.12,152550
12150,12418.9999999999,3.2420556,4151.52,154275
15000,13787.9999999989,3.2433786,2920.32,154350
17775,26607.000000001,3.2103702,4297.8675,153825
-450,53856.0000000008,3.2836023,0.03,156675
8775,49410.9000000012,3.2460246,635.1075,158625
10350,43674.0000000009,3.2094099,5650.68,158250
10350,49499.9999999997,3.2115924,1188.03,158625
16875,50082.0000000005,3.2093226,635.1075,162975
17550,41400.0000000016,3.2109813,128.7075,161100
-450,55135.0800000002,3.282444,630.75,160725
15150,46304.000000001,3.2101083,1815.48,159600
8850,49400.9999999998,3.2447898,4957.2675,157725
13725,27036.9999999997,3.2075766,538.68,155175
11325,21839.9999999995,3.2154336,1.47,154350
5625,30959.2799999993,3.2533452,1373.88,153675
12825,42252.9999999984,3.2177034,518.7675,154125
8850,60070.999999999,3.2181399,1852.5675,154575
12525,47684.9999999998,3.2131638,4740.1875,158625
10350,59010.0000000002,3.2114178,366.3075,160275
17625,48867.9999999994,3.2074893,340.2675,158850
2700,51440.4000000007,3.2511402,182.52,154575
9075,89059.9999999999,3.2132511,491.52,155850
9975,72150,3.246201,806.88,161550
9525,55458.0000000001,3.2480532,204.1875,162825
16950,48876.9999999987,3.2084496,221.88,162150
2475,40582.0799999991,3.2514048,3207.87,161250
11700,40252.0000000009,3.2184891,0.3675,162000
12000,49028.0000000005,3.2115051,267.9075,165450
13500,49402.0000000005,3.2097591,273.6075,164100
12975,46495.999999999,3.2105448,3643.5675,164100
11475,47362.0000000005,3.2098464,851.7675,164925
10125,51429.9999999986,3.2414382,1656.75,161775
12675,51371.9999999999,3.2101083,6375.63,165975
17025,35075,3.2128146,1685.07,168675
20175,34650,3.2109813,476.28,172500
-1500,44561.8799999998,3.2839587,5702.88,172050
5550,41184.000000001,3.2450544,442.8675,170400
23250,41339.9999999996,3.1703616,175.5675,169875
18525,44399.9999999996,3.2079258,461.28,167325
-150,48638.6999999985,3.2845824,2763.3675,163575
17175,41459.9999999996,3.2089734,56.7675,166425
21900,34475,3.17304,1316.7075,166875
14250,46303.999999999,3.209148,4320.6075,166500
10725,36645.8400000001,3.2436432,115.32,167250
-9075,39011.8399999992,3.3201,846.72,162225
-13725,48462.9600000001,3.32613,219.6612,163650
4875,23391.7199999999,3.2544918,60.1425,164925
24975,15810.0000000006,3.2125527,4469.88,167025
31425,27620.0099999988,3.1434075,20.856825,175725
9825,45356.0000000005,3.251934,1518.75,174750
22425,33385.7699999995,3.1806432,164.28,175200
27675,29352.0000000011,3.1763232,465.0075,174525
2457525,2663680.14000005,1087.307361,3100.8675,2457525
-225,56659.6800000011,3.2840478,3468,175125
-1200,47219.0400000013,3.2846715,403.68,167700
3300,25788.0000000001,3.2864535,424.83,165150
1425,28086.0000000002,3.2885028,792.1875,164475
26025,13691.7000000005,3.2101083,4980.400425,167550
21150,28655.9999999994,3.2101956,1432.2675,170250
14700,40139.9999999996,3.2094099,67.6875,170775
10800,38560.0000000009,3.2482296,3770.1075,171300
-2325,51270.1199999998,3.2890374,2505.63,169875
-9225,63280.7999999998,3.290463,818.4132,170775
6150,51955.1999999989,3.2507874,988.2675,174750
24900,35960.0000000008,3.1783104,1699.32,172200
23625,37975.0000000003,3.1781376,5547,171375
17175,50394.0000000006,3.213513,3396.9675,174225
17775,50320.0000000006,3.2129892,3780.75,171900
3600,62001.7200000006,3.2530806,312.12,171600
15750,51839.9999999989,3.2160447,716.1075,171150
25800,47464.0000000005,3.173904,4275.1875,180525
5100,64752.0000000005,3.2503464,60.75,181425
6000,67068.0000000008,3.2834241,4151.52,182700
5850,66462.0000000002,3.2836914,219.3075,182175
5250,58185.9999999999,3.2827113,4527.9675,179025
21375,38744.0000000008,3.2089734,530.67,174450
16800,45407.9999999998,3.2040846,1015.68,171450
7500,35580.5999999997,3.2408208,34.68,169425
3375,32620.0000000001,3.2761179,6088.5075,176925
23325,32760.0000000006,3.2017275,1212.03,178575
18450,36945.999999999,3.20391,32.67,178725
-2775,36582.4800000003,3.2792364,1260.75,179700
4200,40255.999999999,3.2783454,1438.83,183150
30300,29254.5,3.1668192,690.710625,183525
30375,38792.1600000003,3.1660416,3996.75,187050
3000,52073.0000000008,3.2757615,69.12,183300
8100,45591.9999999996,3.2741577,1242.3675,187875
10875,40427.9999999999,3.240909,321.3675,179175
19575,37469.9999999996,3.2048703,99.1875,177450
20850,32057.9999999989,3.2060925,5355.1875,180225
11250,19669.0000000002,3.2430258,1230.1875,173700
23250,29711.9999999994,3.2055687,1593.9075,173775
18150,41943.0000000016,3.2076639,1.92,173625
9150,31500,3.2454072,4969.47,173025
5100,39247.5600000004,3.2465538,534.6675,175800
28350,28084.3200000011,3.1711392,3062.4075,177300
25125,33546.1499999995,3.2044338,6007.6875,189600
7725,43128,3.2798601,1628.67,190200
7275,45843.0000000006,3.2421438,2301.87,186300
2925,48679.9999999989,3.2777217,379.6875,180600
0,49563.3600000002,3.2841369,2727.0675,176325
-7875,39922.7399999998,3.31974,2584.6425,173100
28125,9504.00000000081,3.2054814,199.7028,171975
31950,12569.0400000005,3.168288,5828.5953,175500
11850,29464.3800000005,3.2415264,182.52,180225
33450,19324.7999999996,3.135114,1841.4297,182325
2457525,1330018.47000002,1083.768525,2235.87,2457525
27375,30926.6099999995,3.175632,848.2617,181275
36150,30285.0899999995,3.1396455,6.6825,182550
19950,56928.9599999988,3.2081877,929.28,203550
9000,70328.0000000004,3.2756724,22.6875,219225
13950,59130.0000000007,3.2427612,1105.92,216675
15900,49863.9999999993,3.2423202,73.5075,218100
10950,51215.9999999997,3.2748705,2268.75,237900
10275,45257.9999999995,3.2755833,164.28,242775
9375,44536.0000000011,3.2745141,3427.32,245550
7950,45552.0000000001,3.2758506,2531.7075,245325
11325,40704.9999999993,3.2738904,5834.43,243975
19875,27075,3.2684553,3529.47,245775
16200,37183.9999999992,3.2702373,826.68,245100
8625,66095.999999999,3.2691681,1146.6075,244350
5550,63441.0000000001,3.2729103,3791.4075,241050
8325,57783.0000000006,3.272643,253.92,240525
12000,47025.0000000003,3.2712174,2203.23,236550
9450,53958.0000000005,3.2721975,4073.7675,233100
9525,54200,3.2727321,6265.47,233025
10575,44839.9999999991,3.2696136,9.72,234375
5250,48585.0000000013,3.2723757,1140.75,233925
8625,38535.0000000009,3.2685444,1649.7075,231750
6000,41291.9999999999,3.2718411,12.6075,229500
7050,41229.9999999994,3.2721084,49.2075,230325
8700,40800.0000000004,3.2720193,92.4075,234450
12525,38496.0000000009,3.270861,716.1075,238950
16650,46549.9999999994,3.2683662,908.28,244725
8625,50484.0000000002,3.2710392,3159.0075,239700
12075,46568.9999999992,3.2721084,816.75,236625
10350,50805.0000000003,3.2713956,816.75,240525
12675,46200.0000000002,3.2689899,4084.83,241200
17100,37979.9999999999,3.2648913,20.28,242325
9825,52393.9999999993,3.268188,2883,242025
12600,50040.0000000003,3.2670297,3417.1875,240000
14025,46115.9999999987,3.2641785,811.8075,240675
12450,55600.9999999999,3.2612382,4185.0675,261900
14625,51041.0000000008,3.2576742,1266.9075,281250
15450,45474.0000000001,3.2589216,85.8675,282150
13875,46159.999999999,3.2590107,1875,279900
13200,39239.9999999999,3.2602581,5834.43,277425
12075,40926.0000000011,3.2621292,635.1075,277575
12450,38736,3.261951,5887.47,277725
12075,36448.0000000003,3.2614164,27.9075,279150
12450,35045.9999999998,3.2623074,253.92,278850
11175,30856.0000000007,3.2631093,1518.75,278625
10575,32519.9999999997,3.2622183,1532.28,278850
7275,33573.0000000002,3.2624856,209.1675,274875
8175,36686.0000000004,3.2588325,3081.6075,274275
10050,40356.000000001,3.2587434,3276.9075,276075
10800,34783.9999999992,3.2569614,2146.6875,278625
10950,51900.9999999991,3.253041,1140.75,275700
18375,74619.999999999,3.2461803,5689.8075,275025
13575,105923.999999999,3.2525955,403.68,246000
13275,92491.0000000005,3.2585652,4668.9075,236550
19350,32620.0000000001,3.2287374,2479.6875,241125
10125,35756.0000000001,3.265515,4621.6875,245775
10050,42670.0000000004,3.2602581,108,266250
35325,69818.7600000008,3.2149782,2012.43,274650
40275,65132.1000000007,3.2123322,1505.28,282825
17325,29850,3.257496,945.1875,285000
17925,30768.0000000011,3.2550903,6265.47,286875
17175,43988.9999999998,3.2520609,1254.6075,286050
12975,57318.999999999,3.2546448,113.4675,281850
9450,49438.0000000013,3.2586543,6265.47,268350
11175,39989.9999999985,3.2586543,1230.1875,265425
11250,43622.0000000004,3.2586543,2655.1875,265275
9150,29675,3.2642676,5030.7075,262275
37875,27670.5,3.2192118,89.8425,261900
45675,11837.4299999999,3.182958,828.3033,267600
17550,50463.9999999994,3.2531301,37.8075,271500
15450,38310.0000000014,3.2542884,542.7075,274050
14550,44582.9999999998,3.2550012,282.27,272400
13650,62391.9999999997,3.2572287,1587,270300
11325,53859.0000000001,3.2612382,5808,267225
9600,33275,3.2617728,29.7675,267150
9375,60895.9999999997,3.2612382,4196.28,266400
16275,28621.9999999999,3.2615946,2227.6875,268725
12225,24440.0000000003,3.2639112,684.03,266925
12225,21150.0000000008,3.2654259,5534.1075,266625
12075,29448.0000000011,3.2639112,4252.5675,266175
7950,30725,3.2664951,1083,261975
7875,30775,3.2689008,39.9675,260925
9075,38378.9999999998,3.2709501,2827.47,258675
7650,46371.0000000001,3.2738013,410.67,244650
9600,45751.9999999994,3.2745141,2227.6875,243975
8175,40290.0000000004,3.277098,194.4075,245025
8325,39515.000000001,3.2749596,6007.6875,249300
12075,35903.9999999993,3.2711283,13.8675,273225
13050,35616.0000000008,3.2702373,279.3675,270000
11925,39514.9999999993,3.2716629,132.6675,265575
13650,41507.9999999999,3.2723757,4423.68,265950
18975,47723.9999999996,3.2667624,1580.1075,271800
18150,48256.9999999996,3.2643567,0.75,273975
21750,52536.0000000015,3.2599017,14.52,278100
21975,60073.9999999993,3.2593671,273.6075,265725
15600,58320.0000000003,3.2658714,3129.87,249900
13950,50600.0000000007,3.2687226,78.03,246975
10500,48321.0000000001,3.2704155,4563,245475
12150,47149.9999999996,3.2680989,2818.2675,262200
14100,38605.0000000009,3.2651586,4129.23,277725
13125,38079.9999999994,3.265515,214.2075,279600
13050,46000.0000000006,3.2607927,3247.23,282300
14025,51642.9999999991,3.2591889,2394.1875,277200
13800,57997.9999999998,3.2590107,1815.48,267450
14925,47196.0000000012,3.2602581,4692.6075,265050
16275,43470.000000001,3.2654259,113.4675,253500
15525,43820.0000000011,3.2645349,2285.28,248850
12525,49842.0000000001,3.2605254,4185.0675,244800
12075,52398.0000000014,3.2615055,4574.7075,242700
35175,37414.0800000009,3.2182416,1677.9675,257400
34500,34879.6799999993,3.215331,600.6675,265725
14250,25655.9999999994,3.2595453,140.7675,269400
22500,36134.9999999998,3.2581197,4446.75,263850
15675,41365.9999999989,3.262842,3478.2075,253650
15825,40700.0000000005,3.2641785,3.63,252675
15525,41551.0000000005,3.2623074,2763.3675,256500
18300,39619.9999999994,3.259278,666.03,266250
14550,46488.0000000001,3.2616837,2368.83,256200
15900,47112.0000000001,3.2565159,69.12,255450
15525,48560.0000000007,3.2581197,4029.6675,249675
10200,43235.9999999999,3.2631093,234.9675,242475
8925,37183.9999999992,3.2605254,3457.8075,246825
8250,47080.0000000007,3.2615055,6.75,240000
18225,49098.0000000002,3.2559813,753.6675,245475
16050,48174.9999999996,3.2568723,3437.4675,247125
15000,46920.0000000007,3.2569614,3024.1875,247950
16575,41256,3.2527737,4389.1875,259500
13650,44498.0000000011,3.2549121,2170.83,246450
13425,52762.0000000009,3.2570505,10.2675,243000
12900,49966.0000000008,3.2580306,811.8075,243300
13200,51750.0000000003,3.257496,321.3675,248925
13500,47208.0000000002,3.2549121,59.4075,263175
12750,69197.9999999992,3.2464476,1912.6875,267750
14700,79254.0000000013,3.2461803,491.52,269925
16125,57648.0000000005,3.2526846,483.87,271875
17025,63387.9999999995,3.2513481,530.67,274725
17025,42846.0000000006,3.2567832,908.28,272100
16950,43797.0000000001,3.2595453,3188.28,272625
20775,47586.0000000002,3.2575851,6075,277275
21225,46739.9999999994,3.2532192,2035.8075,277950
18750,56011.9999999997,3.2533974,5821.2075,271575
15675,54653.0000000009,3.263733,1194.0075,257700
15525,55845.0000000003,3.263733,113.4675,256725
14025,47970.0000000001,3.2641785,5611.6875,254700
12075,49159.999999999,3.2600799,196.83,257700
10350,42209.9999999993,3.26106,122.88,255600
9075,46550.0000000012,3.2643567,1778.7675,246900
7500,45584.0000000006,3.2622183,4129.23,242775
8700,48995.0000000013,3.2643567,309.0675,240225
9675,42407.9999999995,3.2627529,1600.83,252525
9900,87968.9999999993,3.2511699,1230.1875,251850
10500,68750.0000000014,3.2568723,1478.52,243225
12225,50064.0000000002,3.2616837,22.6875,244200
12900,47229,3.2616837,5141.88,247950
15525,43163.9999999999,3.2576742,75,261750
14850,40845.000000001,3.2524173,1822.8675,272100
11400,40679.9999999999,3.2558031,76.5075,264900
12150,42476.0000000005,3.2541993,5431.5075,264150
13125,48805.0000000008,3.253932,356.43,265725
10200,52785.0000000004,3.2561595,4377.72,249450
10200,57888.0000000005,3.2582088,1642.68,246150
9900,61100,3.259278,841.6875,246975
11175,57621.9999999999,3.257496,939.87,252000
13875,48503.0000000013,3.2528628,219.3075,265575
13875,44041.9999999995,3.2519718,929.28,266025
14550,48626.0000000013,3.253041,2067.1875,255900
15675,55350.0000000004,3.2526846,6348,255375
10650,57903.9999999999,3.2543775,2601.9075,247800
10125,54000.0000000003,3.2534865,643.8675,250125
11250,44675.9999999999,3.251259,49.2075,261525
13275,43955.9999999999,3.2452002,442.8675,273450
14850,41343.9999999987,3.2428836,4412.1675,278925
17025,44696.0000000006,3.2395869,4586.43,285000
17175,46093.9999999994,3.2394978,787.32,284400
16575,42874.9999999993,3.2412798,194.4075,284175
26700,43259.9999999993,3.2360229,3267,293250
18900,45611.9999999999,3.2345082,82.6875,288300
18000,46878.9999999988,3.2344191,609.1875,287700
18600,44423.9999999999,3.2360229,4241.28,288225
10725,46914.0000000002,3.2406561,1297.92,276750
9225,52380.9999999995,3.2402106,5860.92,270525
15225,39559.9999999992,3.237894,6.3075,271725
14400,38493.0000000001,3.2378049,6088.5075,273075
7875,56108.0000000011,3.239676,52.92,274500
17925,52968.9999999994,3.2374485,1.2675,278625
35175,40380.1199999999,3.2011308,4598.1675,281400
27525,37471.9999999992,3.205629,4657.08,284925
14925,45954.0000000005,3.2403888,3024.1875,292200
15675,47347.9999999995,3.2397651,6129.12,296100
14550,58097.9999999992,3.2359338,276.48,293925
13725,62679.0000000007,3.2368248,2293.5675,293550
11325,57621.9999999999,3.2394087,5457.0675,291000
10800,49978.9999999996,3.2399433,2428.2075,286575
11250,43848,3.2394087,2012.43,285375
15000,37184.0000000008,3.2463585,1882.5075,241425
32175,27925,3.1747518,400.2075,231225
16050,45799.999999999,3.2107446,5129.4675,231000
10650,49939.9999999998,3.211362,5418.75,207000
26100,38642.9999999998,3.1744026,2892.3075,191475
12675,52439.9999999989,3.213126,821.7075,202650
9825,45843.0000000006,3.21489,3043.2675,203475
30675,27521.9999999999,3.1747518,5781.63,207750
13800,46584.9999999993,3.211803,609.1875,210075
1050,47876.4000000001,3.2551794,3942.1875,177750
21750,27500.0000000016,3.1804263,3,176925
15450,33225,3.2158602,180.1875,177300
13275,36963.0000000014,3.2180652,5729.07,174375
14700,40136.0000000009,3.2148018,2411.1675,176100
14700,35224.0000000001,3.2168304,3198.0675,176250
-4350,44617.3199999995,3.2582979,558.9675,169500
-13425,53549.1600000002,3.29247,103.3857,164550
-4500,49244.5800000013,3.2614164,1066.534425,164625
20850,31025,3.183831,5166.75,164250
22125,30287.9999999993,3.1486752,0.12,165375
20550,32629.9999999989,3.1833945,7.2075,164625
15750,37559.9999999996,3.1853151,81.12,162300
17850,44495.9999999999,3.1801644,2646.27,165975
-4500,46177.5600000001,3.2555358,3770.1075,167700
14250,7887.99999999983,3.214008,999.1875,168750
20250,17799.0000000002,3.209598,483.87,168225
10725,31694.0000000006,3.213567,3570.75,169050
17700,27961.9999999998,3.1792041,52.92,169425
15975,34450,3.2125968,3888,179625
12750,45704.9999999998,3.2103036,3326.67,202275
4800,43295.9999999998,3.2463585,4309.23,197100
25500,36530.0000000007,3.169863,554.88,200025
18675,48245.9999999997,3.202983,6251.7675,214575
16500,54389.9999999986,3.203865,2059.32,217875
2175,54735.0000000014,3.2470713,3100.8675,221100
2100,50481.9999999991,3.2467149,300,223125
1500,56372.999999999,3.2454675,2799.9075,215625
-2325,49113.8999999996,3.2492988,97.47,186000
20925,29210.0000000005,3.1730058,4788.0075,180225
21825,24205.9999999997,3.1734423,4993.92,182025
12975,36696.0000000014,3.2080104,1699.32,184500
10275,39417.8400000002,3.2077458,2700,188700
32850,29168.3699999987,3.132864,4907.694825,191850
9300,46188.4500000011,3.2028948,1580.1075,191700
900,56446.9999999998,3.2351319,530.67,189450
-2325,59253.4799999996,3.2362011,1670.88,183750
5100,17880.0000000003,3.231657,522.72,182850
5625,22415.9999999995,3.2312115,3581.1075,183375
21825,147797.999999999,3.1400064,1194.0075,179925
21750,88184.0000000005,3.1496094,5585.7675,178800
12900,64060.9999999998,3.1914288,480.0675,178200
13125,43711.9999999991,3.1968972,28.83,179850
15150,60144.0000000003,3.1903704,1793.4075,181125
18225,37907.9999999994,3.1588632,1117.47,185625
6975,37989.0000000015,3.1957506,6088.5075,189525
30675,20481.1199999996,3.1520538,3834.1875,201525
23025,25540.0000000004,3.1565061,1111.6875,189000
7275,36949.7700000008,3.1953978,8.67,185100
21300,26334.000000001,3.155895,1656.75,184350
3375,37523.9700000008,3.2274693,4007.7075,185775
-3600,45333.9999999995,3.26232,442.8675,190575
-1800,49076.9999999996,3.25998,465.0075,203325
9150,55426.999999999,3.183138,1600.83,195450
19950,21590.0000000002,3.1841964,3081.6075,187050
20475,21539.0000000002,3.1486491,5572.83,187650
12375,40426.0000000009,3.1851666,534.6675,187350
14250,38500.0000000002,3.1834026,1348.32,191475
14700,53781.0000000001,3.178287,3468,192375
14025,34319.9999999988,3.1833144,1927.8675,195000
14400,35046.0000000013,3.186666,58.08,200775
15525,67050,3.1812858,5637.6675,216450
15525,63408.0000000005,3.1856076,5508.3675,217125
21600,32886.0000000013,3.1851666,2610.75,226875
20100,30671.9999999996,3.183579,5166.75,236625
4350,40139.9999999999,3.2204304,90.75,241350
8175,37686.0000000014,3.2206086,21.87,247125
12375,54395.0000000009,3.2134806,1065.9675,251925
11100,33628.0000000001,3.2228361,924.0075,240225
11250,45409.9999999995,3.2241726,90.75,235125
7650,58695.9999999992,3.223638,95.7675,236550
9750,47969.9999999996,3.2220342,908.28,234675
12375,44639.9999999991,3.220965,1471.8675,230400
9450,53424.0000000002,3.2203413,3844.92,242175
4050,58500.0000000004,3.2212323,97.47,243750
23025,50064.0000000002,3.183579,44.4675,246675
36900,44395.5600000006,3.141927,4221.2313,247800
17550,52494.0000000001,3.2126787,461.28,248400
4800,63454.9999999993,3.2161536,4764.0675,251025
7275,50007.9999999994,3.2171337,617.7675,252300
8175,48599.9999999999,3.2153517,2235.87,255225
6975,55691.9999999984,3.2181138,1004.67,240300
6600,53535.0000000009,3.2165991,2566.6875,233850
20025,40247.9999999999,3.1759938,1164.27,237075
10500,47628.0000000002,3.2144607,115.32,230175
7425,53550.0000000002,3.2150844,1260.75,230625
34950,32904.6299999995,3.1417524,1223.9073,224775
27900,36618.1200000002,3.1452444,9.1875,221100
3150,56994.0000000002,3.2225688,1083,222450
33450,31729.5,3.1476888,5900.7675,222375
34350,28940.6700000005,3.1470777,6224.4075,226425
16425,37632.0000000001,3.2198067,734.7675,228075
11700,40379.9999999996,3.2208759,503.1075,221325
12225,40517.0000000003,3.220965,2187,222600
13950,35757.0000000008,3.2205195,2709.0075,222225
10575,39359.9999999996,3.222747,522.72,219600
8775,36899.9999999996,3.2233707,2929.6875,215100
8025,36809.9999999996,3.2239053,1566.3675,213075
7950,38459.9999999996,3.2231925,851.7675,212850
7950,39660.0000000015,3.2247072,3791.4075,212625
8250,38130.0000000003,3.2231925,483.87,211125
43725,5838.43000000043,3.1443714,3057.78375,213300
59550,6484.79999999988,3.1072896,4879.786275,212550
62400,5124.48000000003,3.104784,4060.8072,216300
63900,4863.36000000004,3.104784,2091.7512,218475
62400,4422.25000000009,3.1048704,141.12,211950
59775,3100.79999999991,3.1068576,3203.2008,195975
56175,3491.24999999994,3.1110912,1343.6928,188025
55725,4042.24999999989,3.1092768,3398.1768,187275
59250,5729.45000000005,3.1065984,91.9368,198525
58050,6324.48000000022,3.1361652,2020.478475,213975
58800,5510.40000000017,3.1353795,958.619475,215025
60450,5612.15999999988,3.1365144,546.1779,219150
64125,6215.9999999999,3.1024512,536.6088,224700
67650,5406.72000000013,3.0997728,367.7472,235800
72600,4417.50000000017,3.0964896,1749.9528,246000
72975,3548.15999999985,3.09528,5910.0192,250875
70725,4815.35999999999,3.0957984,3722.1192,251325
74625,3453.12000000001,3.0929472,665.3952,254775
81600,2238.20000000002,3.0886272,1056.1608,264975
77400,1001.29999999995,3.0920832,4324.5,261150
76275,1003.20000000004,3.0924288,35.28,259425
65175,5152.6399999999,3.0960576,1499.4939,252525
29025,12687.9999999997,3.1753764,538.68,249000
28575,15930.0000000006,3.2087583,3996.75,251850
26025,15103.9999999997,3.2108076,1152.48,248775
27900,13663.9999999997,3.1776696,3188.28,248475
31125,12577.9500000005,3.1749354,414.1875,251100
31350,14726.2500000001,3.1762584,748.92,251400
30750,16541.0000000002,3.1790808,12.6075,250575
2457525,443646.719999991,3.1759056,353.8836,2457525
43575,4527.60000000002,3.176082,2471.997825,248775
42600,4568.76000000001,3.1763466,93.1392,245850
43275,5130.29999999971,3.176082,4610.5092,250500
39000,5429.16000000021,3.178287,6094.7073,248625
38550,5085.62999999997,3.176523,4232.435625,250800
41475,3476.87999999992,3.1731714,611.589825,253950
46350,3113.46000000011,3.171672,1182.067425,249675
57750,4881.04000000005,3.134943,592.8216,247050
59925,5362.56000000021,3.1031424,1095.2076,226200
40200,6908.01999999992,3.1476015,4763.887425,205800
27225,6332.04000000025,3.2163318,5367.87,205050
26925,5593.49999999968,3.214728,1260.75,206025
24300,4474.8000000007,3.2174901,1386.75,203850
42150,5090.12000000001,3.1457682,2313.19935,207300
57000,6822.72000000011,3.109536,31.6899,207300
58050,6028.80000000008,3.1105728,2523.850275,208650
35025,8682.80000000073,3.1514427,26.73,203475
13200,41328,3.2275584,1512.0075,205575
12225,41662.0000000005,3.2283603,2082.9675,207825
13125,42479.9999999991,3.2274693,56.7675,213450
15525,40108.0000000005,3.193281,4680.75,205350
12075,42444,3.228093,604.92,199950
15600,22494.0000000004,3.2259546,487.6875,198300
26925,7270.55999999941,3.215619,4118.1075,212550
26175,7056.72000000027,3.2144607,2326.8675,205725
23250,9139.67999999979,3.1870188,4252.5675,179475
24000,9141.66000000036,3.1864014,4040.67,179625
19725,11208.7800000001,3.191076,5611.6875,177750
9300,37115.9999999999,3.2268456,15.87,176700
13125,27089.9999999997,3.221856,3953.07,178575
10800,39146.0000000005,3.2223015,184.8675,182400
9900,39624.0000000001,3.2232816,75,181650
12225,43479.9999999991,3.1869306,792.1875,184800
25350,10636.5599999992,3.1777578,5380.5675,184575
25425,9925.7399999996,3.1793454,0,181200
